respondent.commune,business_name,place_id,fr_categories,business_address,treatment_arm
93001,Restaurant Les Tables Du Maroc,ChIJZdSdc3dt5kcRQdqB-Uu_B8M,Restaurant Marocain,"27 Bd Anatole France, Aubervilliers",1
93001,Restaurant Sidi Bou Said,ChIJCd4u5Dds5kcRajlZvkUbG9M,Restaurant Tunisien,"69 Av. Jean Jaur√®s, Aubervilliers",1
93001,Restaurant Lamma √Ä Sidi-Bou-Sa√Ød,ChIJ8xV9DK5t5kcRHT0I35fTnDY,Restaurant Tunisien,"15 Rue Ferragus, Aubervilliers",1
93001,G La Dalle - Aubervilliers,ChIJg5c_LCVt5kcRHGOE0LLRtoU,"Restaurant De Hamburgers, Restaurant De Restauration Rapide, Restaurant Halal","43 Bd F√©lix Faure, Aubervilliers",1
93001,Didim Restaurant,ChIJp-Qr6vhv5kcR92yr08f7Cjo,Restaurant Turc,"5 Rue Du Pilier, Aubervilliers",1
93001,Le Saint Christophe,ChIJIWnCqNtt5kcRywVqZ74_QPY,Restaurant Fran√ßais,"2 Rue Du Dr Pesqu√©, Aubervilliers",0
93001,Le Petit Breton,ChIJFSXFKh9s5kcRu2XA0ru-fD4,Restaurant Fran√ßais,"96 Rue Heurtault, Aubervilliers",0
93001,Brasserie De La Commune,ChIJScmtZCRs5kcRmZfXdhl8D8I,"Brasserie, Restaurant Fran√ßais, Restaurant","62 Rue De La Commune De Paris, Aubervilliers",0
93001,Le Caf√© D'auber,ChIJZQmbUQBt5kcRyg4vjTRaX5g,Restaurant Fran√ßais,"1 Rue Du Dr Pesqu√©, Aubervilliers",0
93001,Bar Brasserie Le Centre Aubervilliers,ChIJQ8sVxiJs5kcRJQIWBtfhWSo,"Restaurant, Bar, Brasserie, Caf√©, Restaurant Fran√ßais","1 Rue De La Commune De Paris, Aubervilliers",0
93001,Le Restaurant De La Commune,ChIJlROXfDts5kcR2zRm70lsdT0,"Restaurant, Restaurant Fran√ßais, Restaurant Indien","2 Rue Edouard Poisson, Aubervilliers",NA
93001,Sabaidi Aubervilliers,ChIJLzNzjgVt5kcRjghTPYul_LE,Restaurant Asiatique,"103 Bis Av. Jean Jaur√®s, Aubervilliers",NA
93001,La Muraille D‚Äôor,ChIJ54tGEjFs5kcRcAOAo-WJdmI,"Restaurant Asiatique, Restaurant Vietnamien","4 Rue Des Cit√©s, Aubervilliers",NA
93001,Restaurant Mar√©chal,ChIJtTzp_bxt5kcREOT8ZXzHLDQ,Restaurant Mandarin,"70 Av. Victor Hugo Parking: 8, Aubervilliers",NA
93001,Restaurant Faisal,ChIJe7Oy3Bls5kcRwrn8n8gCVQg,"Restaurant Pakistanais, Restaurant Indien","64 Bd Anatole France, Aubervilliers",NA
93005,The Good Star,ChIJtfmIlWYT5kcRe02YdFkci84,Restaurant Marocain,"48 Bd De Strasbourg, Aulnay-sous-Bois",1
93005,Poivre & Sel,ChIJc1u5zvMV5kcRbQf10w9fImk,Restaurant Halal,"59 Rue Maximilien Robespierre, Aulnay-sous-Bois",1
93005,Bengal Indian Street Food,ChIJBY6xgqsV5kcR-yqe8YNKt0o,Restaurant Halal,"19 Av. Anatole France, Aulnay-sous-Bois",1
93005,Zitoon,ChIJfd1DGIAT5kcRloY5DdBk6p4,Restaurant Halal,"14 Av. Anatole France, Aulnay-sous-Bois",1
93005,Le Petit Vietnamien,ChIJ56YsjMgV5kcRDAAU5dwOHts,"Restaurant Vietnamien, Restaurant De Restauration Rapide, Restaurant Halal","50 Av. Anatole France, Aulnay-sous-Bois",1
93005,Restaurant Auberge Des Saints P√®res Aulnay Sous Bois,ChIJO_gLQGkT5kcRi05ELK300jE,"Restaurant, Restaurant Fran√ßais, Restaurant Haut De Gamme Fran√ßais","212 Av. De Nonneville, Aulnay-sous-Bois",0
93005,La Terrasse - Restaurant Authentique - Cuisine Traditionnelle,ChIJz-bhvgET5kcROp2XKk7LhFs,"Restaurant, Bistro, Brasserie, Restaurant De Poissons, Restaurant Fran√ßais, Restaurant De Plats De Viande","20 Bd De Strasbourg, Aulnay-sous-Bois",0
93005,√Ä L‚Äôescargot,ChIJf4wlDGQT5kcRO6xlA5Lc8x0,Restaurant Fran√ßais,"40 Rte De Bondy, Aulnay-sous-Bois",0
93005,Chez Renata,ChIJU5Y_qmMT5kcRDjGTTLZ55TU,"Restaurant Polonais, Restaurant Fran√ßais","Bis, Aulnay-sous-Bois",0
93005,Le Renouveau,ChIJsa3rlpoU5kcR3lH50wy_TM0,"Bar, Restaurant Fran√ßais","19 Rue Jacques Duclos, Aulnay-sous-Bois",0
93005,Royal Tokyo Restaurant,ChIJURGcSGIT5kcR0u28_cWXsAM,Restaurant Japonais,"2 Rue Julien Mira, Aulnay-sous-Bois",NA
93005,La Grande Muraille De Pekin,ChIJASUAqWMT5kcRGzuNtnk_dNg,Restaurant Chinois,"8 Rue Edouard Cornefert, Aulnay-sous-Bois",NA
93005,Les D√©lices De Cathay,ChIJN5CwCmQT5kcR7SAn2tWMbEQ,"Restaurant, Traiteur, Restaurant Chinois, Restaurant De Restauration Rapide","12 Rte De Bondy, Aulnay-sous-Bois",NA
93005,Bangcook Aulnay Fast-Good Tha√Ø,ChIJ42Nh-TQT5kcR81TxY1Abq-Q,"Restaurant Tha√Ølandais, Restaurant De Restauration Rapide","6b Av. Dumont, Aulnay-sous-Bois",NA
93005,Royal Bangkok,ChIJrW4Sl5oU5kcRZgFZ5l0S_kc,"Restaurant Tha√Ølandais, Restaurant Chinois","26 Rue Jacques Duclos, Aulnay-sous-Bois",NA
93006,Italian Kitchen,ChIJn0A0YXZt5kcRy3bxRlyzg1s,"Restaurant Italien, Restaurant Halal, Livraison De Pizzas, Restaurant De Pizzas, Restaurant","42 Av. Gambetta, Bagnolet",1
93006,L'art Du Boeuf Original,ChIJBUhSSiFt5kcRZPA_-l9rAWY,"Restaurant Halal, Restaurant Barbecue, Restaurant Chophouse, Restaurant De Cuisine Campagnarde, Restaurant De Hamburgers","6 All. Rosa Parks, Bagnolet",1
93006,Mr Beef Bagnolet,ChIJ__9bEA1t5kcRO24HhWYNIKM,"Restaurant De Hamburgers, Restaurant Halal, Restaurant, Brasserie","23 Rue Fran√ßois Mitterrand, Bagnolet",1
93006,La Toscana,ChIJ_dUmNxNt5kcRkqtNtsgO4Wc,"Restaurant, Restaurant Halal, Glacier, Restaurant Italien, Magasin De P√¢tes, Restaurant De Pizzas, Restaurant De Fruits De Mer, Restaurant V√©g√©tarien","11 Rue Malmaison, Bagnolet",1
93006,Sushibar,ChIJt_Fcd35t5kcRxisy21jW5E4,"Restaurant Japonais, Restaurant Halal, Restaurant Tha√Ølandais","60 Av. Gambetta, Bagnolet",1
93006,Le Toquet,ChIJQaQyVOpt5kcRn38huMRZ5Mc,Restaurant Fran√ßais,"M√©tro Gallieni, Bagnolet",0
93006,Le Welcome,ChIJt8igBaFt5kcRIgsTda8l7os,Restaurant Barbecue,"Av. Gallieni, Bagnolet",0
93006,L'amandine,ChIJ66yBNnFt5kcR8ujOwkxL0Vg,"Restaurant, Bar, Restaurant Fran√ßais","42 Rue Sadi Carnot, Bagnolet",0
93006,L'antenne,ChIJy_3Bg3Zt5kcROhSQZuK9UFM,"Brasserie, Restaurant De Petit-D√©jeuner, Traiteur, Restaurant Fran√ßais, Restaurant √Ä Emporter, Service De Planification De R√©unions","58 Av. Gambetta, Bagnolet",0
93006,La Manufacture Meb,ChIJr3DAmgpt5kcRdJhBKPgZqmc,Restaurant Fran√ßais,"Rue Du Ch√¢teau, Bagnolet",0
93006,Melting Pot Food Court,ChIJlyRFduNt5kcRS6QEP7UczAo,"Restaurant, Restaurant De Petit-D√©jeuner, Restaurant Fran√ßais, Restaurant Indien, Restaurant Italien, Restaurant Tha√Ølandais","43 Av. Du G√©n√©ral De Gaulle, Bagnolet",NA
93006,Chez Laxmi,ChIJecimi1Vt5kcRFvXvyrObma0,Restaurant Indien,"8 Rue Hoche, Bagnolet",NA
93006,Toma Sushi,ChIJM-wCU3ht5kcRI06frrhvxpQ,"Restaurant Japonais, Restaurant De Sushis","20 Av. De La R√©publique, Bagnolet",NA
93006,"Pokenomi - Bar √Ä Poke, Smoothies Et Bubble Teas",ChIJTxi7mK5t5kcRMoWU2dPTce0,"Pok√© Bar, Cr√™perie, Restaurant De Fondue Chinoise, Magasin De Jus, Sushis √Ä Emporter, Restaurant Temaki","2 All. Rosa Parks, Bagnolet",NA
93006,Indien Tandoori Masala,ChIJK8bKznZt5kcRCQBvj4t0Svk,Restaurant Indien,"8 Rue Raoul Berton, Bagnolet",NA
93007,Efendy Kebab,ChIJSc_zy6ls5kcRTsfgqfhn8rA,"Kebab, Restaurant De Restauration Rapide, Restaurant","194 Rue Anatole France, Drancy",1
93007,Maitre Smash,ChIJ_SHAR3pr5kcRPI07244HBxE,"Restaurant De Hamburgers, Restaurant Halal","35 Av. Henri Barbusse, Le Blanc-Mesnil",1
93007,Delice Pizza,ChIJg33FQEtr5kcRJChUClJziJU,"Restaurant De Pizzas, Restaurant Halal, Restaurant Italien, Restaurant De Livraison, Livraison De Pizzas, Pizza √Ä Emporter, Service D'exp√©dition","9 Rue Edouard Renault, Le Blanc-Mesnil",1
93007,Restaurant Elite,ChIJE0hDeFZr5kcRdLEEaugPLPw,"Restaurant Turc, Restaurant Grec","10 Av. Henri Barbusse, Le Blanc-Mesnil",1
93007,L'escale Du Blanc Mesnil,ChIJQdQfyK4U5kcRqbz3yHWBHNA,"Restaurant De Restauration Rapide, Restaurant Am√©ricain, D√Æner, Restaurant Halal, Restaurant Du D√©jeuner, Restaurant","138 Av. Pasteur, Le Blanc-Mesnil",1
93007,Chez Manu,ChIJZczZkaxs5kcRMeU3gCAJLmo,"Restaurant Portugais, Bar, Restaurant Fran√ßais, Restaurant, Brasserie","32 Rue De La Madelon, Drancy",0
93007,L'horloge,ChIJLV5832kV5kcRD0Di660U6-I,"Restaurant Fran√ßais, Restaurant De Petit-D√©jeuner, Bar √Ä Cocktails, Caf√©, Restaurant Dansant, Planificateur D'√©v√©nements, Restaurant De Steakhouse Fran√ßais, Restaurant Fran√ßais Moderne, S√©minaire, Buffet De Mariage","22 Av. Albert Einstein, Le Blanc-Mesnil",0
93007,Le Balthazar,ChIJlcXCOlxr5kcRkWlpFPc0n6E,"Restaurant, Restaurant Fran√ßais","192 Av. Charles Floquet, Le Blanc-Mesnil",0
93007,Restaurant Le Saint Hubert,ChIJBTOZZ_xr5kcR5KlcVtiS3Vw,Restaurant Fran√ßais,"1 Av. Gabriel P√©ri, Le Blanc-Mesnil",0
93007,Le Gorki - Restaurant Bar Brasserie,ChIJAQCUb1Nr5kcR5tWAMcypdq4,"Restaurant, Bar, Restaurant Fran√ßais, Brasserie","85 Av. Henri Barbusse, Le Blanc-Mesnil",0
93007,Akira,ChIJ3UnEfVNr5kcRCvugNV8l6h8,"Restaurant Japonais, Restaurant De Restauration Rapide","32 Av. Henri Barbusse, Le Blanc-Mesnil",NA
93007,Mewar Restaurant,ChIJvb3411sT5kcRZOIiUJC5ItE,Restaurant Indien,"19 Av. Paul Vaillant Couturier, Le Blanc-Mesnil",NA
93007,Coucou,ChIJqdSVFiRr5kcRZomgMh0Ec_E,Restaurant Chinois,"14 Av. Pierre Et Marie Curie, Le Blanc-Mesnil",NA
93007,Bamboo Rice,ChIJjRI5XFRr5kcRplZPoRC7h2w,"Restaurant De Fusion Asiatique, Restaurant Indien, Restaurant Panasiatique, Restaurant Tha√Ølandais, Restaurant Vietnamien","6 Av. De La R√©publique, Le Blanc-Mesnil",NA
93007,Wok Shi,ChIJi6wizkhr5kcRemdfdPFFakw,Restaurant Tha√Ølandais,"4-6 Av. De La R√©publique, Le Blanc-Mesnil",NA
93008,Le Palmier 2004,ChIJeZ9JDjET5kcRZOUEQ779ddY,"Restaurant Halal, Sandwicherie","19 Av. Edouard Vaillant, Bobigny",1
93008,Italian Cantine,ChIJ32w8DMZt5kcRGYINxFVQ7yU,"Restaurant Italien, Restaurant Halal","6 Av. Louis Aragon, Bobigny",1
93008,Amani,ChIJgSz2S-Zt5kcRPadRJHALh_A,Restaurant Halal,"19 Bd L√©nine, Bobigny",1
93008,Restaurant Westinghouse,ChIJY7qqhuBt5kcRowRx_cipgvg,"Restaurant Halal, Brasserie, Restaurant De Hamburgers, Restaurant De Livraison","230 Av. Jean Jaur√®s, Bobigny",1
93008,Restaurant Dijle Bobigny,ChIJw9pmON4T5kcReG87uIM67oI,Kebab,"21 Av. Edouard Vaillant, Bobigny",1
93008,Breezy Grill,ChIJvYRwveps5kcRQ_lbcKdEbTs,"Restaurant, Restaurant Am√©ricain, Restaurant Barbecue, Restaurant De Restauration Rapide, Restaurant Fran√ßais, Restaurant De Hamburgers, Restaurant De Livraison","24 Av. Louis Aragon, Bobigny",0
93008,Le S√©nateur,ChIJN7F4KOhs5kcRlzXML5NDW5w,"Restaurant, Restaurant Fran√ßais","2 Rue De La R√©publique, Bobigny",0
93008,Les Peupliers,ChIJk02MUDIT5kcRDg4CTzz-vCc,"Restaurant Fran√ßais, Bar","4 Rue Des Peupliers, Bobigny",0
93008,Espace Farmento,ChIJLTxFuc5s5kcRxOvZx4CiFFA,"Brasserie, Brasserie, Restaurant Fran√ßais, Restaurant Italien, Restaurant De Pizzas, Restaurant Du Sud De L'italie","4 Rue Maria Callas, Bobigny",0
93008,Nessma Burger,ChIJwXW5Jeps5kcRl5_SBzs-jDg,"Restaurant De Hamburgers, Restaurant Am√©ricain, Restaurant De Restauration Rapide","205 Av. Jean Jaur√®s, Bobigny",0
93008,Stunning Land,ChIJqRowOJZt5kcRS30Qet7h_WU,"Restaurant Indien, Traiteur, Salle Des F√™tes, Restaurant Indien Musulman, Restaurant Sri-Lankais","12 Pl. Fran√ßois De Larderel, Bobigny",NA
93008,Restaurant Paradise,ChIJQ5di6-ps5kcRi_Xn5qlZjEw,Restaurant Indien,"10 Av. Louis Aragon, Bobigny",NA
93008,Htai,ChIJl6F03Dpt5kcRc8LIGq--n-Q,"Restaurant Asiatique, Restaurant Chinois, Restaurant Japonais, Restaurant De Nouilles, Pok√© Bar, Restaurant, Restaurant De Sushis, Restaurant Tha√Ølandais","16 Rue Marguerite Yourcenar, Bobigny",NA
93008,Sushi 93.,ChIJOZsDJ8xs5kcRYyKs4V7RSwo,"Restaurant De Sushis, Restaurant Buffet, Restaurant Chinois, Restaurant Japonais","235 Av. Paul Vaillant-Couturier, Bobigny",NA
93008,Oh√Ø Sushi,ChIJaR6qAcxs5kcRnbxF6Vpq_YA,"Restaurant Japonais, Restaurant De Sushis","46 Rue Honor√© D'estienne D'orves, Bobigny",NA
93010,Le 129 Ter,ChIJm1nGJtwT5kcRsuERtLHvbtA,Restaurant Halal,"51 Pl. Nicole Neuburger, Bondy",1
93010,Bondy Grill,ChIJfToy2zwT5kcRSRhHXvsH4j4,Restaurant Turc,"18 Rue Auguste Polissard, Bondy",1
93010,Ev'et,ChIJc0bAhrET5kcRtbs5XkveuBM,Restaurant Turc,"108 Av. Gallieni, Bondy",1
93010,Point B Bondy,ChIJobfMGx0T5kcRDpTczyN_nvk,"Restaurant Halal, Restaurant De Restauration Rapide, Restaurant De Hamburgers","206 Av. Gallieni, Bondy",1
93010,Restaurant Le Riad,ChIJ_eaN8mkT5kcRc3JEoEiNvDA,Restaurant Marocain,"7 Rue Des Fr√®res Darty, Bondy",1
93010,La Touche Gourmande,ChIJYVOmk3gT5kcRwP38Ai00YBg,Restaurant Brunch,"Parking, Bondy",0
93010,Restaurant Le Chene,ChIJDTGLMCMT5kcRvE0Vpe008tY,"Restaurant Fran√ßais, Bar, Restaurant Fran√ßais Moderne, Piano-Bar","73 Rue Jules Guesde, Bondy",0
93010,Bar Tic Et Resto,ChIJ4VBKbjsT5kcR-XDObo3HST0,"Restaurant De Restauration Rapide, Brasserie","Dans Conforama, Bondy",0
93010,Restaurant Bb&C,ChIJKYNc26AT5kcRkMqlOOC-Y-8,"Restaurant Barbecue, Restaurant De Hamburgers","130 Av. Gallieni, Bondy",0
93010,Mcdonald's,ChIJ2aTeSRET5kcR_r_ZSjUjfDU,"Restaurant De Restauration Rapide, Restaurant Am√©ricain, Restaurant De Hamburgers, Restaurant De Pizzas, Restaurant, Sandwicherie","207 Av. Gallieni, Bondy",0
93010,Le Cuistot,ChIJ9-pzRRgT5kcR-LH6pQI5cXw,Restaurant Indien,"31 Av. Henri Barbusse, Bondy",NA
93010,Bolkiri Bondy Street Food Vi√™t,ChIJ_VDysEIT5kcRxO-mFhomhfA,"Restaurant Vietnamien, Restaurant Asiatique, Restaurant Chinois, Restaurant De Restauration Rapide, Restaurant De Livraison, Restaurant √Ä Emporter, Restaurant Pho, Restaurant, Restaurant Tha√Ølandais, Restaurant De Wok","10 Rue Louis Auguste Blanqui, Bondy",NA
93010,Wok Grill Bondy,ChIJy80MzRYT5kcRg8IIjjAQVyc,"Restaurant Asiatique, Restaurant Buffet, Restaurant Chinois, Restaurant Japonais, Restaurant, Restaurant De Sushis","200 Av. Gallieni, Bondy",NA
93010,Restaurant Indien,ChIJt8A5ht8S5kcRhUP8FFrESPI,Restaurant Indien,"28 Rte De Villemomble, Bondy",NA
93010,Kayal Restaurant,ChIJf0xV6AYT5kcRGWdw0ZlOmd8,Restaurant Indien,"141 Av. De La R√©publique, Bondy",NA
93013,Restaurant Le Pacha,ChIJpwgIGYJs5kcRQcikLGdF3Ac,"Kebab, Restaurant De Kebab Doner, Restaurant De Restauration Rapide, Restaurant Grec","57 Av. De La Division Leclerc, Le Bourget",1
93013,Bodrum,ChIJwbJx4nxr5kcRpOB_cqlzmF0,Restaurant Turc,"113 Av. De La Division Leclerc, Le Bourget",1
93013,Istanbul Grill,ChIJ62XciYFs5kcRUvjEPMvTlUw,"Restaurant Turc, Gril, Kebab","49 Av. De La Division Leclerc, Le Bourget",1
93013,Antalya,ChIJYRdisoNs5kcRgB5UgAtdv8c,Restaurant Turc,"51 Av. Jean Jaur√®s, Le Bourget",1
93013,Ranch Burger Le Bourget,ChIJAf0MCO1r5kcRruGBXJOmPaU,"Restaurant De Hamburgers, Restaurant Halal","118 Av. De La Division Leclerc, Le Bourget",1
93013,O'lombada,ChIJkekCroNs5kcRH2U4R7HFOho,"Restaurant Portugais, Restaurant Fran√ßais","40 Av. Jean Jaur√®s, Le Bourget",0
93013,El Khomsa,ChIJV5kuVwBr5kcRAgIAs-QubSE,"Restaurant De Couscous, Restaurant Barbecue","1 Rue Edgar Quinet, Le Bourget",0
93013,L'entracte,ChIJ_3dfG31r5kcRRg6FaKBzu-o,"Restaurant, Restaurant Brunch, Restaurant Fran√ßais, Restaurant Du D√©jeuner, P√¢tisserie, Restaurant De Fruits De Mer, Bar √Ä Vin","42 Av. De La Division Leclerc, Le Bourget",0
93013,Bar De L'hotel De Ville,ChIJ4abQJ4Js5kcR94Nr6iIZBSQ,Bistro,"60 Av. De La Division Leclerc, Le Bourget",0
93013,Houfaf,ChIJUwydcYJs5kcRJRW649nzT6Q,Brasserie,"60 Rue Anizan Cavillon, La Courneuve",0
93013,Restaurant Punjab Sweets,ChIJ6_ttVwBt5kcR_pJgg8RlR9I,Restaurant Indien,"39 Av. Jean Jaur√®s, Le Bourget",NA
93013,Chinna Veedu,ChIJC5-9iIxt5kcR_7NpWdwq3OY,Restaurant Indien,"56 Av. Jean Jaur√®s, Le Bourget",NA
93013,Restaurant Iman,ChIJZRgMnD9r5kcR8ec3VX3rWpo,"Restaurant Indien, Restaurant Pakistanais","56 Rue Edouard Vaillant, Le Bourget",NA
93013,Allo Roma Pizza,ChIJj-iltXxr5kcRPvVbckWdaOA,"Restaurant De Pizzas, Restaurant Indien, Restaurant Italien","122 Av. De La Division Leclerc, Le Bourget",NA
93013,New Nagoya,ChIJx3xma4Js5kcRvyYjfYARvR4,Restaurant Japonais,"54 Av. De La Division Leclerc, Le Bourget",NA
93014,Le Must,ChIJjzZPzNYT5kcRiP32RqnO1yg,"Restaurant De Restauration Rapide, Restaurant De Hamburgers, Restaurant De Livraison, Livraison De Pizzas, Restaurant De Tacos","255 All. De Montfermeil, Clichy-sous-Bois",1
93014,Urfa Kebab,ChIJN0VhzIYT5kcRUsfJsyLmGUI,"Restaurant, Restaurant De Restauration Rapide, Restaurant Halal, Restaurant Turc","207 All. De Montfermeil, Clichy-sous-Bois",1
93014,G La Dalle - Clichy Sous Bois,ChIJKZ5zQ4wT5kcRYsrRZXVCsUY,"Restaurant De Hamburgers, Restaurant De Restauration Rapide, Restaurant Halal","213 All. De Montfermeil, Clichy-sous-Bois",1
93014,Tandoori Grill,ChIJeV2AmEsT5kcRua8DHMqAXh4,"Restaurant, Restaurant Barbecue, Restaurant Halal, Restaurant Indien, Restaurant Du D√©jeuner, Restaurant V√©g√©talien","159 All. De Montfermeil, Clichy-sous-Bois",1
93014,Frenchy Tacos.,ChIJxR0qyNET5kcRry_Lbiv8-tk,"Restaurant De Tacos, Restaurant De Restauration Rapide, Restaurant","203 All. De Montfermeil, Clichy-sous-Bois",1
93014,Mcdonald's,ChIJ35BMLWIR5kcRS2yTQvG4bBk,"Restaurant De Restauration Rapide, Restaurant Am√©ricain, Restaurant De Hamburgers, Restaurant De Pizzas, Restaurant, Sandwicherie","All√©e De Gagny Et Emile Zola Angle Route Nationale 403 Et, Clichy-sous-Bois",0
93014,Brisas Do Tamega.,ChIJN9RjU8cT5kcRkVs0Gfh2X9I,"Restaurant Portugais, Bar, Restaurant Fran√ßais, Restaurant M√©diterran√©en, Restaurant","67 Chem. Des Postes, Livry-Gargan",0
93014,Allo Poisson Frais Gagny,ChIJO-yPqc0T5kcR6IK5Jf686Ic,"Poissonnerie, Restaurant De Fruits De Mer","5 All. D'origny, Gagny",0
93014,La Cr√™pomobile,ChIJpadMfNIT5kcREMUA--9ma_U,Cr√™perie,"All. De La Dhuys, Gagny",0
93014,Mama Banks Soul Food,ChIJc6BDRTUT5kcR-dbWO9ZIJXY,Restaurant Am√©ricain,"186 Av. Jean Jaur√®s, Montfermeil",0
93014,O Poulet Grill√©,ChIJdYzhrdsT5kcRnLZ6CFq6mgA,"Restaurant, Restaurant Africain, Restaurant Asiatique, P√¢tisserie, Restaurant Gastronomique, Glacier, Restaurant Indien, Restaurant Mexicain, Restaurant Tha√Ølandais","159 All. De Montfermeil, Clichy-sous-Bois",NA
93014,Weecook,ChIJcV0wlHET5kcRuZ-VNs6B17c,Restaurant Tha√Ølandais,"166 All. De Montfermeil, Gagny",NA
93014,Bozen Le Raincy,ChIJ9-Hp4CsT5kcRkN4QtBdXZVs,"Restaurant De Sushis, Restaurant De Fondue Chinoise, Restaurant Japonais, Restaurant De Livraison, Restaurant Panasiatique, Restaurant, Service D'exp√©dition, Sushis √Ä Emporter","2 Av. De Livry, Le Raincy",NA
93014,Le Chalet,ChIJTxz3NLAT5kcR8IprDHRgIIU,"Chalet, Restaurant Am√©ricain, Restaurant Japonais","13 Av. De Livry, Le Raincy",NA
93014,Dolce Pizza,ChIJFbG6frQT5kcREUJWkAqlZXw,"Restaurant De Pizzas, Restaurant Italien, Restaurant De Sushis","42 All. De Montfermeil, Le Raincy",NA
93015,Dede Grill,ChIJewL9tvsR5kcRV5zJORJls9I,Restaurant Turc,"1 Pl. Amp√®re, Montfermeil",1
93015,Grill L'orchiÃád√©e,ChIJ2_Hp9xoR5kcR9SgjEZPfFgE,"Restaurant Turc, Restaurant De Restauration Rapide, Restaurant Grec","125 Av. Des Sciences, Chelles",1
93015,Kervan Saray,ChIJdY5gh4UR5kcRfKK9hvrh1kA,Restaurant Turc,"72 Av. Lavoisier, Chelles",1
93015,Les D√©lices De La Kabylie,ChIJ9YUt000F5kcRmmiVYhe-v8A,"Traiteur, Restaurant De Couscous, Restaurant Halal, Restaurant Du D√©jeuner, Restaurant Du Moyen-Orient","19 All. Du Bois De L'etang, Courtry",1
93015,Pinar Kebab,ChIJ-Tp8EXIR5kcRrKkKTEhZzwY,Kebab,"62 Rue Henri Barbusse, Montfermeil",1
93015,Restaurant Le Qg,ChIJp9it7lAR5kcRzId4FCAW8x8,"Restaurant De Pizzas, Cr√™perie, Magasin De Jus, Livraison De Pizzas, Pizza √Ä Emporter, Restaurant","1 Rue De La Dhuys, Coubron",0
93015,La Maison De Fer,ChIJpR19yhcR5kcRAMY09ZuR1C0,Brasserie,"2 Av. Chevreul, Coubron",0
93015,Le Resto' Du March√©,ChIJoeYSlxAR5kcR1tHCTEi_ai0,"Restaurant, Restaurant Fran√ßais","1 Pl. Amp√®re, Montfermeil",0
93015,Bistro Phil,ChIJJSSNkQwU5kcRFxaHjWCIoaE,"Restaurant Fran√ßais, Restaurant","1-3 Place Des F√™tes, Vaujours",0
93015,Au 28,ChIJnxvWfLcR5kcRdv1ucFWxDb8,Restaurant Fran√ßais,"28 Av. Des Fr√®res Lumi√®re, Montfermeil",0
93015,Tha√Ø & Sushi,ChIJGXXrEbkR5kcRNgXQmxaN2nM,"Poulet Frit √Ä Emporter, Pok√© Bar, Sushis √Ä Emporter","125 Av. Des Sciences, Chelles",NA
93015,Sojo Thai,ChIJ_VIOBwER5kcRW_W4sfdBpC8,Restaurant Tha√Ølandais,"125 Av. Des Sciences, Chelles",NA
93015,Chicken Paradise,ChIJqUXaWAAR5kcRrglmkqCw4K8,Restaurant Indien,"3 Rue Des Bonnes Vignes, Courtry",NA
93015,One Tha√Ø,ChIJ_y4ym7UT5kcR3Htrygdy0e8,Restaurant Tha√Ølandais,"27 Rue Henri Barbusse, Montfermeil",NA
93015,Sushi Bar Courtry,ChIJb4e3_ekR5kcRPcwys3P4kDo,Restaurant Japonais,"14 Rue Du Poteau, Courtry",NA
93027,Restaurant Nassim,ChIJAQDsCmRs5kcRl2miYHLJdBs,Restaurant Tunisien,"66 Av. Paul Vaillant Couturier, La Courneuve",1
93027,Diwan - Grillades Au Feu De Bois,ChIJ16WEdElt5kcRXdlk-BYfniM,"Restaurant Turc, Restaurant Barbecue, Restaurant De Restauration Rapide, Kebab","81 Rue De La Convention, La Courneuve",1
93027,Restaurant Sidi Boussaid,ChIJf71wan1s5kcRaNqDmwJ7yuc,Restaurant Tunisien,"169 Av. Paul Vaillant Couturier, La Courneuve",1
93027,Paris Aksu 93,ChIJIzloDWRs5kcROFRgttLbj34,Kebab,"73 Av. Paul Vaillant Couturier, La Courneuve",1
93027,Obtb,ChIJO8xsNbht5kcRHhW_CjouVD8,"Restaurant De Restauration Rapide, Restaurant Halal","6b Av. Paul Vaillant Couturier, La Courneuve",1
93027,Le Charitois,ChIJ2xzvM2Vs5kcRdSMZtmuaEWk,"Restaurant, Restaurant Fran√ßais, Magasin","90 Rue Rateau, La Courneuve",0
93027,Fais Ta Cr√™pe,ChIJlSL2eGNs5kcRP2v1EVSCcRY,"Cr√™perie, Restaurant De Restauration Rapide","107 Av. Paul Vaillant Couturier, La Courneuve",0
93027,Mcdonald's,ChIJw5u9L4ds5kcR2H1u9nnb2os,"Restaurant De Restauration Rapide, Restaurant Am√©ricain, Restaurant De Hamburgers, Restaurant De Pizzas, Restaurant, Sandwicherie","197 Av. Paul Vaillant Couturier, La Courneuve",0
93027,Dk Fish Market,ChIJxYqriWZs5kcRosHn6P0g_b8,"March√© Aux Fruits De Mer, Restaurant De Fruits De Mer","29 Av. Paul Vaillant Couturier, La Courneuve",0
93027,La Terrasse Du Bonheur,ChIJ12SiCC1t5kcRX4gwJjHm_70,Restaurant Fran√ßais,"19 Rue De Berry, La Courneuve",0
93027,Ruby Restaurant,ChIJW06IOn1s5kcRvC7Wf7LsSJc,Restaurant Indien,"153 Av. Paul Vaillant Couturier, La Courneuve",NA
93027,Apna Punjab Restaurant 100% V√©g√©tarien,ChIJZVFHPWRs5kcRN7YhPu1smko,"Restaurant Indien, Restaurant V√©g√©tarien","133 Av. Jean Jaur√®s, La Courneuve",NA
93027,O D√©lices 786,ChIJ3z34gWNs5kcR4lM2d_0bcrU,"Restaurant, Restaurant De Restauration Rapide, Restaurant De Hamburgers, Restaurant Indien, Restaurant De Pizzas","103 Av. Paul Vaillant Couturier, La Courneuve",NA
93027,Annai Restaurant,ChIJbwv5m99t5kcR5KapPFJDk5w,"Restaurant Sri-Lankais, Restaurant Indien","60 Av. Paul Vaillant Couturier, La Courneuve",NA
93027,Keerthika Fast Food,ChIJh3S48n9t5kcROt9G-yuzcfw,Restaurant Indien,"163 Av. Paul Vaillant Couturier, La Courneuve",NA
93029,Happy Grill,ChIJ-Tykdb9s5kcRQJMzXbI-d7w,"Restaurant, Restaurant M√©diterran√©en, Restaurant Turc, Restaurant V√©g√©tarien","21 Av. Henri Barbusse, Drancy",1
93029,La Famille,ChIJL39-frdt5kcR8ifPEW_BWXI,"Restaurant Alg√©rien, Restaurant Arabe, Gril, Restaurant Halal, Restaurant Du D√©jeuner","13 Av. Marceau, Drancy",1
93029,Restaurant De La Poste,ChIJ4eIvh7ts5kcRPRHn2D8tSig,"Restaurant, Kebab, Restaurant Turc","1 Rue Marcelin Berthelot, Drancy",1
93029,Restaurant Grill Mazlum‚Äôs,ChIJv_B9ZIps5kcR9PimvstL8tM,"Restaurant De Restauration Rapide, Restaurant, Restaurant Turc","228 Rue De Stalingrad, Drancy",1
93029,Maison Ararat,ChIJRekoukpt5kcR7dMjJIsT60w,"Restaurant Turc, Restaurant Buffet, Restaurant De Cuisine Campagnarde","155 Rue Sacco Et Vanzetti, Drancy",1
93029,Breezy Grill,ChIJvYRwveps5kcRQ_lbcKdEbTs,"Restaurant, Restaurant Am√©ricain, Restaurant Barbecue, Restaurant De Restauration Rapide, Restaurant Fran√ßais, Restaurant De Hamburgers, Restaurant De Livraison","24 Av. Louis Aragon, Bobigny",0
93029,Totem,ChIJo2lD8oBt5kcRT5UA5atV7w0,"Restaurant, Brasserie, Restaurant Fran√ßais","1 Pl. Maurice Niles, Drancy",0
93029,√Ä _ Table !,ChIJ09fl17hs5kcRJKI8n0h_1MY,"Restaurant, Restaurant De Couscous, Restaurant Fran√ßais","56 Av. Henri Barbusse, Drancy",0
93029,Bb Grill,ChIJ__-PJrls5kcRZrHd3IfAuJc,"Restaurant, Restaurant Barbecue","62 Av. Henri Barbusse, Drancy",0
93029,Chez Manu,ChIJZczZkaxs5kcRMeU3gCAJLmo,"Restaurant Portugais, Bar, Restaurant Fran√ßais, Restaurant, Brasserie","32 Rue De La Madelon, Drancy",0
93029,Au Bon Royal,ChIJZQ1H4Jts5kcRdzsoIYdEwag,"Restaurant, Restaurant Chinois","43 Av. Marceau, Drancy",NA
93029,Darewok,ChIJt6SLK79s5kcRMNAAUnxSFEg,"Restaurant Asiatique, Restaurant Chinois, Restaurant De Restauration Rapide, Restaurant De Livraison, Restaurant, Restaurant Tha√Ølandais, Restaurant De Wok","46 Av. Henri Barbusse, Drancy",NA
93029,Royal Kyoto,ChIJPSlPIbls5kcRe3GUPd5PebU,"Restaurant Japonais, Restaurant Chinois, Restaurant, Restaurant De Sushis","64 Av. Henri Barbusse, Drancy",NA
93029,D√©licieux Xin Yun,ChIJPTDm-bls5kcRCaN7L3rk4QQ,"Restaurant, Restaurant Chinois, Restaurant De Fondue Chinoise","116 Av. Henri Barbusse, Drancy",NA
93029,Ayama Drancy,ChIJnfbIJbls5kcRhlJ_MmlMeJE,"Restaurant Japonais, Restaurant, Restaurant De Sushis","71 Rue Marcelin Berthelot, Drancy",NA
93030,Mini Tacos Dugny,ChIJqcU3nnNr5kcRHAFJbLW7XLE,Restaurant De Tacos,"22 Av. Louis Larivi√®re, Dugny",1
93030,Couleurs Gourmandises,ChIJR_xx0pdr5kcRIDA5ho7gJow,"Traiteur, P√¢tisserie, Restaurant Sans Gluten, Restaurant Halal, Restaurant De Cr√™pes, P√¢tisserie, Restaurant V√©g√©talien, Restaurant V√©g√©tarien, Bar √Ä Vin","6 Rue Adolphe Devaux, Dugny",1
93030,Istanbul Kebab Garges,ChIJDTdSQb9r5kcRlijCnISObJo,"Restaurant Turc, Restaurant De Restauration Rapide, Restaurant","5 Av. De Stalingrad, Garges-l√®s-Gonesse",1
93030,Chicken Street,ChIJ77rJNr9r5kcRIqcpqu55-Eg,"Restaurant Halal, Restaurant De Poulet, Restaurant D'ailes De Poulet, Restaurant Familial, Restaurant De Restauration Rapide, Poulet Frit √Ä Emporter, Restaurant De Hamburgers, Restaurant De Livraison, Restaurant","15 Av. De Stalingrad, Garges-l√®s-Gonesse",1
93030,Point B Garges-L√®s-Gonesse,ChIJ2RAlSU5r5kcRMKRhyrTW2VI,"Restaurant Halal, Restaurant De Restauration Rapide, Restaurant De Hamburgers","57 Av. De Stalingrad, Garges-l√®s-Gonesse",1
93030,Mcdonald's,ChIJy2SM2bhr5kcRYu16mjW_hRI,"Restaurant De Restauration Rapide, Restaurant Am√©ricain, Restaurant De Hamburgers, Restaurant De Pizzas, Restaurant, Sandwicherie","47-51 Av. De Stalingrad, Garges-l√®s-Gonesse",0
93030,Ihnas,ChIJQwSSarhr5kcRt70acsnGR3Y,"Restaurant Fran√ßais, Bar","8 Rue Des Gaillards, Garges-l√®s-Gonesse",0
93030,L'entracte,ChIJ_3dfG31r5kcRRg6FaKBzu-o,"Restaurant, Restaurant Brunch, Restaurant Fran√ßais, Restaurant Du D√©jeuner, P√¢tisserie, Restaurant De Fruits De Mer, Bar √Ä Vin","42 Av. De La Division Leclerc, Le Bourget",0
93030,Le France,ChIJ8esQd7pr5kcR_VzIjTmLz0A,Restaurant Fran√ßais,"8 Av. Roland Garros, Le Blanc-Mesnil",0
93030,Sarl Sonia Assia,ChIJddj5oIxr5kcRCWfcwm-LW9c,"Boulangerie, Restaurant De Petit-D√©jeuner, P√¢tisserie, Restaurant Fran√ßais, Restaurant D'aliments Sains, P√¢tisserie, Sandwicherie","37 Rue Pierre Salvi, Garges-l√®s-Gonesse",0
93030,Tohido,ChIJzQxU-hJr5kcRiBUFQGeVC9w,Restaurant De Sushis,"36 Rue Marcel Bourgogne, Garges-l√®s-Gonesse",NA
93030,Restaurant 93 Taj Mahal,ChIJRweA9WVr5kcR3evuev_4nCk,Restaurant Indien,"78 Av. Du 8 Mai 1945, Le Blanc-Mesnil",NA
93030,Sabaidi Sushi & Tha√Ø Le Blanc Mesnil,ChIJoT3loFBr5kcRckzjmhybfq4,Restaurant De Sushis,"60 Av. Du 8 Mai 1945, Le Blanc-Mesnil",NA
93030,Palais Du Bourget,ChIJ2Qi_YO5r5kcR6mRg0BeyfHQ,Restaurant Asiatique,"100 Av. Du 8 Mai 1945, Le Blanc-Mesnil",NA
93030,Jardin De Pekin,ChIJaeA20Whr5kcRkpJzaKGwPT4,Restaurant Chinois,"120 Av. Du 8 Mai 1945, Le Blanc-Mesnil",NA
93031,Bab Butcher,ChIJrWYoaQ5p5kcRj4ybcnscd0k,Restaurant Halal,"73 Av. Gallieni, √âpinay-sur-Seine",1
93031,Qb Restaurant,ChIJP-GCncZp5kcRCb2QmucVMTU,"Restaurant Halal, Restaurant Italien, Restaurant Fran√ßais Moderne","46 Av. Joffre, √âpinay-sur-Seine",1
93031,Azur Grill Restaurant,ChIJBZ9wtiZp5kcRTEdJGbKEByk,Restaurant Turc,"69 Bd Foch, √âpinay-sur-Seine",1
93031,Restaurant Lale,ChIJCRffIIhp5kcR7Gr5MLjPShQ,Restaurant Turc,"46 Rue De Paris, √âpinay-sur-Seine",1
93031,Be Food,ChIJ5UUWS5dp5kcRTKAoWW9caRg,"Restaurant Halal, Restaurant Africain, Salle De Banquet, Lieu De L'√©v√©nement, Salle De R√©ception, Restaurant De Hamburgers, Restaurant Tha√Ølandais, Buffet De Mariage","144 Av. Joffre, √âpinay-sur-Seine",1
93031,Restaurant L'ostreidae,ChIJg3TTsbho5kcRda6rzfsUi3I,"Restaurant De Fruits De Mer, Restaurant Fran√ßais","1 Rue Du Port, √âpinay-sur-Seine",0
93031,Buffalo Grill Epinay Sur Seine,ChIJ6xUEJb5o5kcRBB8JFSsic4Q,"Restaurant, Restaurant Am√©ricain, Bar Et Grill, Restaurant Barbecue, Restaurant Familial, Restaurant De Hamburgers, Restaurant √Ä Emporter, Steak House","22-26 Avenue Joffre, √âpinay-sur-Seine",0
93031,Kou-D√©-Ta,ChIJg8MJrJBo5kcRBJ6Ingg0Nfg,"Restaurant Fran√ßais, Restaurant Haut De Gamme Fran√ßais, Restaurant Italien, Restaurant De Pizzas","47 Av. Gallieni, √âpinay-sur-Seine",0
93031,Les Oiseaux,ChIJW4XgUi5p5kcRkwt7yVKVZMM,"Restaurant Fran√ßais, Bar, Caf√©, H√¥tel","1 Rue De L'yser, √âpinay-sur-Seine",0
93031,Mcdonald's,ChIJ3U3LsyFp5kcRjdFDX-vnPjA,"Restaurant De Restauration Rapide, Restaurant Am√©ricain, Restaurant De Hamburgers, Restaurant De Pizzas, Restaurant, Sandwicherie","Gare Epinay-Villetaneuse, √âpinay-sur-Seine",0
93031,Samurai,ChIJGdCfqZFo5kcRjKxBV05yBmw,"Restaurant Japonais, Restaurant De Sushis","3 Av. Gallieni, √âpinay-sur-Seine",NA
93031,Sushi Tokyo,ChIJkbTUBDJp5kcRto6w4mpnYsw,Restaurant Japonais,"26-28 Rte De Saint-Denis, Deuil-la-Barre",NA
93031,Sushi Aime Halal,ChIJlXH5v1xp5kcRETIpAF4rKhw,Restaurant Japonais,"37 Av. Du Ponant, Villeneuve-la-Garenne",NA
93031,Porte Bonheur De La Gare,ChIJrfOB851o5kcRZakOYskFeeI,"Restaurant Mandarin, Restaurant Chinois","5 Pl. De La Gare, Saint-Gratien",NA
93031,Miyazaki.,ChIJMwnMGidm5kcRDQnGEdcOWeQ,Restaurant Japonais,"3 Pl. De La Gare, Saint-Gratien",NA
93032,Tandoori Grill,ChIJeV2AmEsT5kcRua8DHMqAXh4,"Restaurant, Restaurant Barbecue, Restaurant Halal, Restaurant Indien, Restaurant Du D√©jeuner, Restaurant V√©g√©talien","159 All. De Montfermeil, Clichy-sous-Bois",1
93032,Tacos Classic,ChIJEZUcnNAT5kcRue8ObPKYYz8,Restaurant De Tacos,"159 All. De Montfermeil, Clichy-sous-Bois",1
93032,Grill Antep Sofrasi,ChIJ_Zs9CmIT5kcRO34MpCWWQQM,Restaurant Turc,"188 All. De Montfermeil, Gagny",1
93032,La Palmeraie De Marrakech,ChIJkX4TaooR5kcR7HF2hj6aH7Y,"Restaurant Marocain, Restaurant Arabe, Traiteur, Restaurant De Couscous, Restaurant Halal, Restaurant √Ä Emporter","32 Rue Vaillant Couturier, Gagny",1
93032,O‚Äôsp√©cial Grill Gagny,ChIJhRiMKjIR5kcRIYkKLiti8ik,"Restaurant De Pizzas, Restaurant Halal, Restaurant De Hamburgers, Livraison De Pizzas, Pizza √Ä Emporter","62 Av. Des Marronniers, Gagny",1
93032,Cr√™perie Saint Germain,ChIJleUTEzcS5kcRd7u9Kr-fnXk,"Cr√™perie, Restaurant Fran√ßais, Restaurant √Ä Emporter, Restaurant","18bis Av. Jean Jaur√®s, Gagny",0
93032,Chez Djibi Gagny,ChIJ3awSlTkT5kcRJHAJenVP1w8,Restaurant Barbecue,"18 Av. Jean Jaur√®s, Gagny",0
93032,Mange Ta Cr√™pe,ChIJn9by9TAS5kcRNldke4BW77M,"Restaurant De Restauration Rapide, Cr√™perie","1 Rue Jules Guesde, Gagny",0
93032,Caf√© De La Place,ChIJFYlq8DAS5kcRn35iC2JyGiY,"Caf√©, Restaurant Fran√ßais","22 Pl. Du G√©n√©ral De Gaulle, Gagny",0
93032,Passion Caf√©,ChIJuVYwBwAT5kcRiWi4KXryVX4,Restaurant Brunch,"16 Pl. Du G√©n√©ral De Gaulle, Gagny",0
93032,O Poulet Grill√©,ChIJdYzhrdsT5kcRnLZ6CFq6mgA,"Restaurant, Restaurant Africain, Restaurant Asiatique, P√¢tisserie, Restaurant Gastronomique, Glacier, Restaurant Indien, Restaurant Mexicain, Restaurant Tha√Ølandais","159 All. De Montfermeil, Clichy-sous-Bois",NA
93032,Weecook,ChIJcV0wlHET5kcRuZ-VNs6B17c,Restaurant Tha√Ølandais,"166 All. De Montfermeil, Gagny",NA
93032,Royal Tokyo,ChIJ9ZvN-jAS5kcRP7wwIFgzu2k,Restaurant Japonais,"16 Pl. Du G√©n√©ral De Gaulle, Gagny",NA
93032,Restaurant Japonais,ChIJB5by7jAS5kcR1TRXIXhoMcA,Restaurant Japonais,"93220 Gagny, Gagny",NA
93032,Royal Gagny,ChIJ0Z6mrkUT5kcR46tNbbxcjqY,"Restaurant Asiatique, Magasin De Bi√®re, Restaurant De Petit-D√©jeuner, Restaurant Chinois, Magasin De P√¢tes, Restaurant, Restaurant De Fruits De Mer, Steak House, Restaurant V√©g√©tarien","3 Rue Henri Maillard, Gagny",NA
93033,Sumela,ChIJtTIahcMR5kcRJGJruBd9O0k,"Restaurant Turc, Restaurant De Restauration Rapide","5 Av. Du Mar√©chal Joffre, Gournay-sur-Marne",1
93033,Bikers Food,ChIJp7jx1p4R5kcRYDd7WifarIw,"Restaurant De Restauration Rapide, Poulet Frit √Ä Emporter, Restaurant Halal, Restaurant De Hamburgers, Sandwicherie, Restaurant De Tacos","3 Av. Du Mar√©chal Joffre, Gournay-sur-Marne",1
93033,Restaurant Sultan,ChIJ1S0bg8QR5kcR-tIXSBCuWV4,"Restaurant Turc, Kebab","1 Av. Paul Doumer, Gournay-sur-Marne",1
93033,Woody's Poulet Grill√©,ChIJrQFyqIkR5kcR_ETR-1-REh0,"Restaurant, Restaurant Halal","34 Av. De Champs, Gournay-sur-Marne",1
93033,Seven Sept,ChIJafwCLNcR5kcR2uCeTSPFNzs,"Restaurant De Restauration Rapide, Restaurant De Tacos","108 Rue Auguste Vallaud, Champs-sur-Marne",1
93033,Le Marny,ChIJrcy9d9cR5kcR3dMZLF6funQ,"Restaurant Fusion, Bar, Brasserie","2 Av. Paul Doumer, Gournay-sur-Marne",0
93033,Le Go√ªt Du Bon,ChIJRbFOMGAR5kcR34YXAPxDxnQ,"Traiteur, Restaurant Gastronomique, Restaurant Du D√©jeuner, Restaurant Traditionnel","*, Gournay-sur-Marne",0
93033,Il Cappuccino - Restaurant Italien Bord De Marne,ChIJc5ARJ8wR5kcRnooaIXU6jJM,"Restaurant Italien, Traiteur, Restaurant De Desserts, Salle De R√©ception, Restaurant √Ä Emporter, Restaurant De Pizzas, Pizza √Ä Emporter, Restaurant, Brasserie, Restaurant Du Sud De L'italie","102 Prom. Andr√© Ballu, Gournay-sur-Marne",0
93033,La Goujonnette Chelles,ChIJzxJGPxIR5kcRpHV6RTtcLyE,"Restaurant, Restaurant Fran√ßais, Restaurant Du D√©jeuner, Restaurant Traditionnel","86 Rue Auguste Meunier, Chelles",0
93033,Mcdonald's,ChIJTYcJrScO5kcRJcZt2Gnt-Iw,"Restaurant De Restauration Rapide, Restaurant Am√©ricain, Restaurant De Hamburgers, Restaurant De Pizzas, Restaurant, Sandwicherie","2 Bd De Champy Nesles, Champs-sur-Marne",0
93033,May Asian Bistro,ChIJkwP4hksR5kcRqCYaJP6H4RY,Restaurant Tha√Ølandais,"1 Av. Du Mar√©chal Joffre, Gournay-sur-Marne",NA
93033,Restaurant Ozakaya,ChIJs5Cy1gAR5kcRV9oWMEP33kA,Restaurant Japonais,"31 Av. De Champs, Gournay-sur-Marne",NA
93033,Maison Chen,ChIJ3whrg8QR5kcR_Ja1ldwcu9g,"Restaurant Chinois, Restaurant De Fondue Chinoise","15 Av. Du Mar√©chal Joffre, Gournay-sur-Marne",NA
93033,Sushi Daily Champs Sur Marne Kiosque,ChIJ7Uw0t0ER5kcRBxcvVxrSAkI,Sushis √Ä Emporter,"Av. Des Pyramides, Champs-sur-Marne",NA
93033,Happy Yummy - Neuilly-Sur-Marne,ChIJEXDM1dwR5kcRMJsX5dkLYbM,"Restaurant De Fondue Chinoise, Restaurant De Restauration Rapide, Restaurant Japonais, Restaurant De Wok","Chez Hyper U, Neuilly-sur-Marne",NA
93039,L‚Äôescale 93,ChIJycaqdAxv5kcR7kcn4gVXJaw,Restaurant Halal,"8 Rue M√©chin, L'√éle-Saint-Denis",1
93039,Ket‚Äôs Food,ChIJb3XQJSBv5kcR0GdpKM3NMVs,"Restaurant Halal, Restaurant De Restauration Rapide","6 Rue Charles Michels, Saint-Denis",1
93039,Le Royal,ChIJJ8qO7tRu5kcR20_3JrZv0d4,"Kebab, Restaurant De Restauration Rapide, Sandwicherie","25 Av. De Verdun, Villeneuve-la-Garenne",1
93039,Delice D`Omay,ChIJpdbAmhNp5kcRWCeCjmv82Bw,Restaurant Marocain,"2 Bd Charles De Gaulle, Villeneuve-la-Garenne",1
93039,Deepsea,ChIJfX755xdv5kcR0JBTdYcDvVo,"Restaurant, Restaurant Africain, Restaurant Carib√©en, Restaurant Halal, Bar √Ä Chicha, Restaurant De Fondue Chinoise, Salon, Restaurant De Nouilles","41 Bd Marcel Sembat, Saint-Denis",1
93039,Le Bel Avenir,ChIJXd6BSC1p5kcRYhvvskEh2-w,"Restaurant, Bar, Caf√©, Restaurant Fran√ßais","10 Pl. De La Lib√©ration, L'√éle-Saint-Denis",0
93039,Chefevent - Caterer Event Ile De France,ChIJIaSRY2Vl5kcRezJMlayIXj8,"Traiteur, Cours De Cuisine, Planificateur D'√©v√©nements, Restaurant De Livraison, Restaurant √Ä Emporter, Service De Planification De R√©unions, Traiteur Mobile, Restaurant Fran√ßais Moderne, P√¢tisserie, Buffet De Mariage","40 Quai De La Marine, L'√éle-Saint-Denis",0
93039,Le Gourmand,ChIJl7JPt0Zp5kcRU7-8EltcgIU,Cr√™perie,"40 Quai De La Marine, L'√éle-Saint-Denis",0
93039,Churrasquinho,ChIJHbU0mS1v5kcR_uC4Ah0Q1DM,"Restaurant, Boulangerie, Restaurant De Restauration Rapide, Restaurant Fran√ßais, Restaurant D'aliments Sains, Restaurant Du D√©jeuner","28 Av. De Verdun, Villeneuve-la-Garenne",0
93039,Les Oiseaux,ChIJW4XgUi5p5kcRkwt7yVKVZMM,"Restaurant Fran√ßais, Bar, Caf√©, H√¥tel","1 Rue De L'yser, √âpinay-sur-Seine",0
93039,Bangkok Factory Saint-Denis,ChIJD4BnKExp5kcRNBVDWvLsJGE,Restaurant Tha√Ølandais,"4 Bd Jules Guesde, Saint-Denis",NA
93039,Sushi Hanaka,ChIJh5uaY9du5kcRLvF4U429p1k,"Restaurant De Sushis, Restaurant Japonais","4 Bd Gallieni, Villeneuve-la-Garenne",NA
93039,Wok √î King,ChIJx3DQgddu5kcRKrDtiOmH4BE,"Restaurant Buffet, Restaurant Asiatique, Restaurant Chinois, Restaurant Japonais, Restaurant, Restaurant De Wok","Centre Commercial Qwartz, Villeneuve-la-Garenne",NA
93039,Sushi Aime Halal,ChIJlXH5v1xp5kcRETIpAF4rKhw,Restaurant Japonais,"37 Av. Du Ponant, Villeneuve-la-Garenne",NA
93039,Sushi Daily Lourdes,ChIJvbxmgYBv5kcRGh6VqOR8ThA,"Sushis √Ä Emporter, Restaurant De Sushis √Ä Tapis Roulant, Producteur Alimentaire, Restaurant De Sushis","2 Bd Gallieni, Centre Commercial - Qwartz De La, Villeneuve-la-Garenne",NA
93045,Old School,ChIJkxDTtA5t5kcRRD5FDUPoDTY,"Restaurant De Restauration Rapide, Restaurant Am√©ricain, Restaurant Halal, Restaurant De Hamburgers","177 Rue De Paris, Les Lilas",1
93045,Lodoss ChiÃácken 1 Les LiÃálas,ChIJm6Fsv6Bt5kcRyXjAoBpni8k,"Restaurant De Restauration Rapide, Kebab","75 Rue De Paris, Les Lilas",1
93045,Restaurant Aristo,ChIJW6N0KApt5kcRCrm7SuVxQYQ,"Kebab, Restaurant De Kebab Doner, Restaurant Grec, Restaurant Halal, Restaurant Turc","127 Rue De Paris, Les Lilas",1
93045,Meister,ChIJ0_DPjKVt5kcRZ7SuywCcYMU,Kebab,"22 Bd De La Libert√©, Les Lilas",1
93045,Chicken Lilas,ChIJWwp2Pgtt5kcRCh8HsM6KRq4,"Restaurant De Restauration Rapide, Restaurant De Hamburgers, Restaurant De Pizzas, Restaurant De Tacos","123 Av. Pasteur, Les Lilas",1
93045,Le Terroir,ChIJm4Gmsw1t5kcRVj_6_PIJq6c,"Restaurant Fran√ßais, Restaurant","49 Rue Fran√ßois Mitterrand, Bagnolet",0
93045,Caf√© De La Mairie,ChIJv8j1yKBt5kcRn17Knx7Wu-k,Brasserie,"2 Rue Du Pr√© Saint-Gervais, Les Lilas",0
93045,La Guinguette Des Lilas,ChIJn9HuwuNt5kcRKeHQbeebRHE,Brasserie,"Rue Romain Rolland, Les Lilas",0
93045,La Cr√™perie Passion,ChIJAQCUt6Bt5kcRpjMmpPCAwCg,Cr√™perie,"6 Rue Du Pr√© Saint-Gervais, Les Lilas",0
93045,Le Faidherbe,ChIJRVh0wqBt5kcRvdEqP1dR2Yc,"Restaurant, Bar, Restaurant Fran√ßais","69 Rue De Paris, Les Lilas",0
93045,Nagano,ChIJS-LnxKBt5kcR2_52D0gIXTo,"Restaurant Japonais, Bar, Restaurant De Sushis","5/16 Av. Faidherbe, Le Pr√©-Saint-Gervais",NA
93045,Sushi Daily Pre Saint Gervais,ChIJdTIsTqFt5kcRNBm0Riz926k,"Sushis √Ä Emporter, Kiosque","5 Av. Faidherbe, Le Pr√©-Saint-Gervais",NA
93045,Aux Lilas Delights,ChIJI08pr_So5EcR6c3Z2JS4OAM,"Traiteur, Restaurant Asiatique","4 Rue Du Pr√© Saint-Gervais, Les Lilas",NA
93045,Kim Yang 2,ChIJmRIG3RFt5kcRkZ6c2fOYD8E,Restaurant Asiatique,"55 Bd Du G√©n√©ral Leclerc De Hauteclocque, Les Lilas",NA
93045,Restaurant Namaste Himalaya Les Lilas,ChIJewq5og5t5kcRoG3ugdgw5-A,"Restaurant N√©palais, Restaurant Indien","49 Bd De La Libert√©, Les Lilas",NA
93046,Le Carr√©,ChIJVVWpyaMT5kcRWLKWmu83ug8,"Restaurant, Restaurant Fran√ßais, Restaurant Halal, Restaurant Haut De Gamme Fran√ßais","15 Av. Victor Hugo, Les Pavillons-sous-Bois",1
93046,Les D√©lices Du Kashmir,ChIJHbJNT3YT5kcR-aGPO-edS9I,"Restaurant Indien Moderne, Restaurant Halal","14 Av. Victor Hugo, Les Pavillons-sous-Bois",1
93046,Vall√©e Du Kohistan,ChIJMQ6rP70T5kcR5xHs6PsT6H0,"Restaurant Halal, Restaurant Indien, Restaurant Pakistanais","294 Av. Aristide Briand, Les Pavillons-sous-Bois",1
93046,Restaurant Ayhan Usta,ChIJZVBF5i0T5kcRsYiYS5SDMsU,"Restaurant Turc, Gril","43 Bd Chanzy, Les Pavillons-sous-Bois",1
93046,Pacha Grill,ChIJ61JuH70T5kcRFWm-z9WvCCI,Restaurant Turc,"33 Bd Chanzy, Les Pavillons-sous-Bois",1
93046,D√©lices Cr√™pes,ChIJjaTcoKMT5kcRmNRj0QShYdw,"Restaurant De Pizzas, Cr√™perie, Restaurant Italien","29 Av. Victor Hugo, Les Pavillons-sous-Bois",0
93046,Abby's Soul Food Kitchen,ChIJBefseN0T5kcRzpYxKb0H6Kk,Restaurant Am√©ricain,"212 Av. Aristide Briand, Les Pavillons-sous-Bois",0
93046,Chez La Gazelle,ChIJM8dyT6MT5kcRhR6kVX-b72k,"Restaurant, Restaurant Africain, Restaurant Barbecue, Magasin De Fruits Et L√©gumes, Restaurant Du D√©jeuner, Restaurant De Fruits De Mer","52 Av. Victor Hugo, Les Pavillons-sous-Bois",0
93046,La Place,ChIJccZX3aIT5kcRSMb3RgV8kp4,Restaurant Fran√ßais,"20 Bd Roy, Les Pavillons-sous-Bois",0
93046,P√¢tisserie Nile,ChIJiehU0c8T5kcRuLtVrJuXv_s,"Boulangerie, Restaurant Fran√ßais, P√¢tisserie","17 Av. Victor Hugo, Les Pavillons-sous-Bois",0
93046,Kim Sushi,ChIJucg2cqMT5kcR8z_qAU2GM9E,"Restaurant Japonais, Restaurant","48 Av. Victor Hugo, Les Pavillons-sous-Bois",NA
93046,Paille D Or,ChIJZ4mjS6MT5kcRg-VXQIpu0K8,Restaurant Chinois,"3 Bd Chanzy, Les Pavillons-sous-Bois",NA
93046,Kyotoma,ChIJoQ7Bz6MT5kcRInEKXExL7SY,"Restaurant Japonais, Restaurant De Sushis","16 Av. Victor Hugo, Les Pavillons-sous-Bois",NA
93046,Saveur D'asie,ChIJJRTMFKMT5kcRuizpsiYZ3Zw,"Restaurant Asiatique, Restaurant Chinois, Restaurant Japonais, Restaurant De Sushis","45 Av. Victor Hugo, Les Pavillons-sous-Bois",NA
93046,Madras Cafe,ChIJByoVZXcT5kcR3dlZXITxn1o,Restaurant Indien,"15 Bd Chanzy, Les Pavillons-sous-Bois",NA
93047,Galata Grill,ChIJeVnkkXER5kcR4HXdVw-Ps5Q,Restaurant Turc,"32 Rue Henri Barbusse, Montfermeil",1
93047,La Fabriq‚Äô √Ä Pizzas,ChIJI7vDzb0R5kcRwq9a2BBB3HY,"Restaurant De Pizzas, Restaurant Halal, Restaurant De Livraison, Livraison De Pizzas, Pizza √Ä Emporter, Restaurant","112 Av. Daniel Perdrig√©, Montfermeil",1
93047,Pinar Kebab,ChIJ-Tp8EXIR5kcRrKkKTEhZzwY,Kebab,"62 Rue Henri Barbusse, Montfermeil",1
93047,Restorant Usta Moustache,ChIJrUbfItYT5kcRP_jnkRQGQjY,Restaurant Turc,"184 Bis Av. Jean Jaur√®s, Montfermeil",1
93047,Dede Grill,ChIJewL9tvsR5kcRV5zJORJls9I,Restaurant Turc,"1 Pl. Amp√®re, Montfermeil",1
93047,Au 28,ChIJnxvWfLcR5kcRdv1ucFWxDb8,Restaurant Fran√ßais,"28 Av. Des Fr√®res Lumi√®re, Montfermeil",0
93047,La Grange,ChIJNVQ9VnAR5kcRSMLY4u_nGyw,"Restaurant, Magasin De Bi√®re, Fromagerie, Glacier, P√¢tisserie, Restaurant Portugais, Restaurant De Fruits De Mer, Restaurant Traditionnel, Bar √Ä Vin","13 Rue Henri Barbusse, Montfermeil",0
93047,Mama Banks Soul Food,ChIJc6BDRTUT5kcR-dbWO9ZIJXY,Restaurant Am√©ricain,"186 Av. Jean Jaur√®s, Montfermeil",0
93047,Le Resto' Du March√©,ChIJoeYSlxAR5kcR1tHCTEi_ai0,"Restaurant, Restaurant Fran√ßais","1 Pl. Amp√®re, Montfermeil",0
93047,Burger King,ChIJycv2Ah4R5kcRVwPd8dq0sLo,"Restaurant De Restauration Rapide, Restaurant Am√©ricain, Bar Et Grill, Restaurant Familial, Restaurant De Hamburgers, Restaurant √Ä Emporter","67-69 Rte De Montfermeil, Chelles",0
93047,Sakura,ChIJP3_A9XAR5kcRs5jnNunnYzs,"Restaurant, Restaurant Asiatique, Restaurant Chinois, Restaurant Japonais, Restaurant De Sushis","5 Rue Henri Barbusse, Montfermeil",NA
93047,One Tha√Ø,ChIJ_y4ym7UT5kcR3Htrygdy0e8,Restaurant Tha√Ølandais,"27 Rue Henri Barbusse, Montfermeil",NA
93047,Sojo Thai,ChIJ_VIOBwER5kcRW_W4sfdBpC8,Restaurant Tha√Ølandais,"125 Av. Des Sciences, Chelles",NA
93047,Tha√Ø & Sushi,ChIJGXXrEbkR5kcRNgXQmxaN2nM,"Poulet Frit √Ä Emporter, Pok√© Bar, Sushis √Ä Emporter","125 Av. Des Sciences, Chelles",NA
93047,Weecook,ChIJcV0wlHET5kcRuZ-VNs6B17c,Restaurant Tha√Ølandais,"166 All. De Montfermeil, Gagny",NA
93048,Medina Fusion,ChIJ184AQwRt5kcRq_VY9YBeLeo,"Restaurant Libanais, Restaurant Fusion, Restaurant Tunisien","288 Rue Etienne Marcel, Bagnolet",1
93048,Restaurant Libert√©,ChIJpVl3IH1t5kcRvNngKHHt7Kg,Restaurant Turc,"192 Rue Etienne Marcel, Bagnolet",1
93048,Galfano Pizza,ChIJE7BrEIFt5kcRu6aZb27Sgh8,"Restaurant De Pizzas, Restaurant Halal, Livraison De Pizzas, Pizza √Ä Emporter","43 Rue Charles Delescluze, Bagnolet",1
93048,Restaurant Madame Tourtes,ChIJ56TzWZdt5kcRusdKYN_ziiE,"Restaurant Halal, Restaurant Fran√ßais, Restaurant","41-43 Rue Charles Delescluze, Bagnolet",1
93048,Beka Pizza (Dark Kitchen),ChIJrb6Kg-Zt5kcRoWIet1RdHBs,"Restaurant, Restaurant De Restauration Rapide, Restaurant Halal","43 Rue Charles Delescluze, Bagnolet",1
93048,Le Figuier - Ben Bouazza Mohamed,ChIJkfwxWHxt5kcRlqBts6DimjE,"Restaurant Fran√ßais, Bar, Restaurant Familial","69 Rue Victor Hugo, Bagnolet",0
93048,Villa9trois - Restaurant Gastronomique,ChIJXYCkv2dt5kcRZs2yU8Iyx9U,"Restaurant Fran√ßais, Bar √Ä Cocktails, Restaurant Familial, Restaurant Gastronomique, Restaurant","71 Rue Hoche, Montreuil",0
93048,La Cave √Ä Montreuil - Restaurant Et Cave √Ä Vins,ChIJe3wxkGBt5kcRFTRfYZmvk4k,"Restaurant, Bar, Restaurant Fran√ßais","45 Rue De Paris, Montreuil",0
93048,L'amourette,ChIJbYOON51y5kcRuTCfq6f5aa4,"Restaurant, Bar, Caf√©, Brasserie","54 Rue Robespierre, Montreuil",0
93048,Le Rue Parmentier,ChIJXxZKzl1t5kcRCRm_0YiWxmo,"Restaurant Fran√ßais, Restaurant √âclectique, Restaurant Gastronomique, Restaurant De Hamburgers, Restaurant, Restaurant V√©g√©talien, Restaurant V√©g√©tarien","31 Av. De La R√©sistance, Montreuil",0
93048,Noo Wok,ChIJTRgsc-ht5kcR5_KxLgRfVnY,Restaurant Tha√Ølandais,"96 Rue De La Fraternit√©, Bagnolet",NA
93048,Sushi Sama,ChIJ5UQI3Rht5kcRyYc1xbNHq9c,Restaurant Japonais,"124 Rue Robespierre, Bagnolet",NA
93048,Bolkiri Montreuil Street Food Vi√™t,ChIJqymBgVtt5kcRdMyQ6lnBwIc,"Restaurant Vietnamien, Restaurant Asiatique, Restaurant Chinois, Restaurant De Restauration Rapide, Restaurant De Livraison, Restaurant √Ä Emporter, Restaurant Pho, Restaurant, Restaurant Tha√Ølandais, Restaurant De Wok","7 Bd Rouget De Lisle, Montreuil",NA
93048,Rollroll Montreuil Japanese Food,ChIJ3_scYQxt5kcRxiKnnRsR9vI,"Restaurant Japonais, Restaurant Asiatique, Restaurant De Restauration Rapide, Restaurant De Livraison, Restaurant √Ä Emporter, Restaurant, Restaurant De Sushis, Sushis √Ä Emporter","7 Bd Rouget De Lisle, Montreuil",NA
93048,Gangnam Grillade,ChIJ6Sw6Z1tt5kcRUkcAmxfTrTQ,"Restaurant Cor√©en, Restaurant De Barbecue Cor√©en","6 Av. Pasteur, Montreuil",NA
93049,Restaurant Big Boss,ChIJOXca_4cN5kcRSTCGAjTCzA4,"Restaurant Halal, Restaurant De Hamburgers, Kebab, Restaurant De Plats De Viande","8 Blvd Gallieni, Neuilly-Plaisance",1
93049,Grill Antalya | Kebab,ChIJg68KIH0S5kcRIs_EGDYA_x8,Restaurant Turc,"42bis Av. Du Mar√©chal Foch, Neuilly-Plaisance",1
93049,La Table Marocaine,ChIJU-m_j4cN5kcRdaGbEivs7eg,"Restaurant Marocain, Restaurant","170 Bd D'alsace Lorraine, Le Perreux-sur-Marne",1
93049,Pizza Du Plateau,ChIJgbx2j10S5kcRJfySyrNJzPE,"Restaurant De Pizzas, Restaurant De Hamburgers, Restaurant Italien, Livraison De Pizzas, Pizza √Ä Emporter, Sandwicherie, Restaurant De Tacos","18 Av. Aristide Briand, Neuilly-Plaisance",1
93049,Traiteur Al Amir,ChIJn9_EToIS5kcRD04r4oISS7A,Restaurant Libanais,"12 Ter Rue Des Alouettes, Fontenay-sous-Bois",1
93049,Restaurant Le Victor Hugo,ChIJjWTkbXgS5kcRv4d98QSb8K0,Restaurant Fran√ßais,"3q Av. Victor Hugo, Neuilly-Plaisance",0
93049,La Table De Melya,ChIJ4Y6MZTYT5kcR8a1VebIH8KU,"Restaurant, Restaurant De Cuisine Campagnarde, Restaurant Fran√ßais, Bar √Ä Vin","38 Av. Du Mar√©chal Foch, Neuilly-Plaisance",0
93049,Caf√© Du Centre,ChIJv22d2HwS5kcRRrrAUDiJPTA,"Bar, Caf√©, Brasserie","40 Av. Du Mar√©chal Foch, Neuilly-Plaisance",0
93049,Fernandes Duarte Ana,ChIJ2RkdJ30S5kcR0tusYulGlP0,Brasserie,"40 Av. Du Mar√©chal Foch, Neuilly-Plaisance",0
93049,Burger King,ChIJgWHTxnUS5kcR8a6I8mCaQ1s,"Restaurant De Restauration Rapide, Restaurant Am√©ricain, Bar Et Grill, Restaurant Familial, Restaurant De Hamburgers, Restaurant √Ä Emporter","2 Bd Du Mar√©chal Foch, Neuilly-sur-Marne",0
93049,Hoki Sushi,ChIJe7f7NHYS5kcRKBx53NIFdTs,"Restaurant Japonais, Restaurant Buffet","33 Blvd Gallieni, Neuilly-Plaisance",NA
93049,Rani,ChIJAQAkDHgS5kcRzl25P_Oxtfo,Restaurant Indien,"8 Av. Victor Hugo, Neuilly-Plaisance",NA
93049,Royal Plaisance,ChIJSYI5B3gS5kcRaI1O-sysLtA,"Restaurant Chinois, Restaurant Tha√Ølandais","11 Blvd Gallieni, Neuilly-Plaisance",NA
93049,Edo Man.,ChIJCZM3N30S5kcR-ddX1st4DcY,"Restaurant Japonais, Restaurant Asiatique, Restaurant De Sushis","34 Av. Du Mar√©chal Foch, Neuilly-Plaisance",NA
93049,Bo Sushi Iii,ChIJP9YdCXgS5kcRUy4BnSYDnHY,"Restaurant Japonais, Restaurant Chinois, Restaurant De Sushis","6 Av. Victor Hugo, Neuilly-Plaisance",NA
93050,L'orientine Restaurant,ChIJf2TgMWAN5kcRVb_PU5E44Gw,"Restaurant Marocain, Gril, Restaurant De Couscous, Restaurant","46 Rue Paul Et Camille Thomoux, Neuilly-sur-Marne",1
93050,Restaurant Mesopotamie,ChIJbZHahwUS5kcRRq8zWG7gTJE,"Restaurant Turc, Gril, D√Æner, Restaurant De Kebab Doner, Restaurant De Hamburgers, Restaurant Du D√©jeuner","123 Av. Du Mar√©chal Leclerc, Neuilly-sur-Marne",1
93050,Restaurant Med,ChIJL8GJLw8S5kcRsEre-HRCyMA,Kebab,"108 Av. Du G√©n√©ral De Gaulle, Neuilly-sur-Marne",1
93050,Casa Grill Concept,ChIJAQCEfg4S5kcRbrcZuUl2EF4,"Restaurant De Restauration Rapide, Gril, Restaurant Halal, Restaurant De Hamburgers, Restaurant De Tacos","46 Rue Paul Et Camille Thomoux, Neuilly-sur-Marne",1
93050,Burger Of City,ChIJpSqLB44T5kcRPisfHIU-urY,"Restaurant De Hamburgers, Restaurant Halal, Pizza √Ä Emporter","3 All. Du Commerce, Neuilly-sur-Marne",1
93050,Restaurant Shibuya,ChIJd1AcZIET5kcRqL6LW9JayxI,Restaurant Barbecue,"178 Av. Jean Jaur√®s, Neuilly-sur-Marne",0
93050,"Guinguette Chez Fifi, Bar De La Marine",ChIJlf-8rwkS5kcRDP_PZGegUwE,"Restaurant, Restaurant Dansant, Restaurant Fran√ßais","2 Rue Marx Dormoy, Neuilly-sur-Marne",0
93050,La Terrasse,ChIJMQ4sBHUS5kcRWBkdlx5lh-Y,"Restaurant, Restaurant Fran√ßais, Bar √Ä Tabac","10 Bd Du Mar√©chal Foch, Neuilly-sur-Marne",0
93050,La Boheme Restaurant,ChIJn1E0hEIT5kcRUZiwQE99t0s,Restaurant Fran√ßais,"5 Chemin De La Haute-√éle, Neuilly-sur-Marne",0
93050,Bar Brasserie Chanoux,ChIJKwj0hGsS5kcRNibopD_9pHQ,Restaurant Fran√ßais,"54 Rue Des Fr√®res Lumi√®re, Neuilly-sur-Marne",0
93050,Ph√≥ Pasteur - Ex L'obus,ChIJc3chIQkS5kcRY8lYIIfIm58,Restaurant Vietnamien,"2 Rue Gambetta, Neuilly-sur-Marne",NA
93050,Chihiro,ChIJ1ydk5AQS5kcRyL9kOzz4_YY,Restaurant Japonais,"153 Av. Du Mar√©chal Leclerc, Neuilly-sur-Marne",NA
93050,Jap's Tha√Øm,ChIJAT7AaooT5kcRHkxxujLcKMM,Restaurant Asiatique,"1 Pl. Du Commerce, Neuilly-sur-Marne",NA
93050,Sushi Royal,ChIJu-G7uXUS5kcRghfJUBBoRDk,"Restaurant Japonais, Restaurant De Sushis","11 Bd Du Mar√©chal Foch, Neuilly-sur-Marne",NA
93050,Sushi Lover Restaurant,ChIJWVxkO9sT5kcRE0OvxeWPx84,Restaurant Japonais,"5 All. Des Myosotis, Neuilly-sur-Marne",NA
93051,Le Dromadaire Gourmand üê™üê™,ChIJ___vgGoO5kcRT5iuILotm5o,"Restaurant Marocain, Restaurant De Couscous","96 Av. M√©d√©ric, Noisy-le-Grand",1
93051,Le Maroc,ChIJez50IwMO5kcR7NGSUl6ft7k,"Restaurant Marocain, Restaurant Nord-Africain, Restaurant","2 Av. Emile Cossonneau, Noisy-le-Grand",1
93051,Le Saphir,ChIJm08atAMO5kcRsNhWEFVCKNQ,"Restaurant De Restauration Rapide, Restaurant Turc","3 Av. Emile Cossonneau, Noisy-le-Grand",1
93051,Le Marrakech,ChIJU5pVZQEO5kcRMK5-4e2uqbE,Restaurant Marocain,"221 Rue Pierre Brossolette, Noisy-le-Grand",1
93051,Bull Et,ChIJUzA0hlAP5kcRKsKD1WcU9EY,Restaurant Turc,"1 Bd Du Levant, Noisy-le-Grand",1
93051,Vinalia,ChIJ3fKqO0cO5kcRG1uxvyFJS2k,"Restaurant Fran√ßais, Restaurant Chophouse, Restaurant Familial, Restaurant Haut De Gamme Fran√ßais, Restaurant","131 Av. M√©d√©ric, Noisy-le-Grand",0
93051,Buffalo Grill Noisy-Le-Grand,ChIJYxJMUwoO5kcRrDa2cJP-TMQ,"Restaurant, Restaurant Am√©ricain, Bar Et Grill, Restaurant Barbecue, Restaurant Familial, Restaurant De Hamburgers, Restaurant √Ä Emporter, Steak House","Rue Auguste Rodin, Noisy-le-Grand",0
93051,P√©p√© & M√©m√© Restaurant,ChIJcwUOWyUP5kcRJ3QCri5QdrA,"Restaurant Fran√ßais, Bistro, Brasserie, Restaurant","Centre Commercial Les Arcades, Noisy-le-Grand",0
93051,Cr√™perie Le Menhir | Noisy-Le-Grand (93),ChIJQ9sQXQgO5kcRbhPjmkBjHvA,"Cr√™perie, Restaurant","234 Bd Du Mont D'est, Noisy-le-Grand",0
93051,Caf√© Brasserie De La Mairie,ChIJmXlofQEO5kcRDhlDzSfDFg4,Brasserie,"220 Rue Pierre Brossolette, Noisy-le-Grand",0
93051,Maharajah Darbar,ChIJideQOP0N5kcRXyR6o1c7UiA,"Restaurant Indien, Bar, Bar √Ä Cocktails, Plats Indiens √Ä Emporter, Restaurant, Bar √Ä Vin","9 Prte De Neuilly, Noisy-le-Grand",NA
93051,Sush'in The Box,ChIJo9p6kGoO5kcR7d7D7Dg_iNY,"Restaurant Japonais, Restaurant De Sushis","3 Rue Des Halles, Noisy-le-Grand",NA
93051,Red&Cook,ChIJ951eVdUP5kcRO29hdWFJfOw,Restaurant Tha√Ølandais,"20 Pl. Georges Pompidou, Noisy-le-Grand",NA
93051,Vietgrill,ChIJ24O0yg4P5kcR5mnZ4CaGgqs,"Restaurant Asiatique, Restaurant Cambodgien, Restaurant, Restaurant Vietnamien","19 Rue De La R√©publique, Noisy-le-Grand",NA
93051,My Little Warung Noisy-Le-Grand,ChIJA4W_-AQN5kcRLpoCDe0orbc,"Restaurant De Fondue Chinoise, Restaurant De Restauration Rapide, Restaurant Indon√©sien, Restaurant √Ä Emporter, Restaurant De Nouilles, Restaurant Sud-Asiatique, Restaurant Tha√Ølandais, Restaurant V√©g√©talien, Restaurant V√©g√©tarien, Restaurant Vietnamien","3 Bd Du Mont D'est, Noisy-le-Grand",NA
93053,Rodizio Brazil - Noisy Le Sec,ChIJczpuKzET5kcR9zpOb_wbFMs,"Restaurant Halal, Restaurant Br√©silien, Restaurant Buffet, Restaurant De Poulet, Restaurant Chophouse, Restaurant Familial, Restaurant De Plats De Viande, Restaurant, Restaurant Traditionnel, Restaurant V√©g√©tarien","1 Rue Mireille Darc, Noisy-le-Sec",1
93053,Grill Istanbul,ChIJ6_mDxioT5kcRA3Qe0aOrC80,Restaurant Turc,"10 Bd De La R√©publique, Noisy-le-Sec",1
93053,Dream & Food,ChIJG9QYaywT5kcRJZH7_Dr4x2M,"Restaurant Halal, Restaurant Grec, Restaurant De Livraison, Livraison De Pizzas, Restaurant De Pizzas","45 Av. Gallieni, Noisy-le-Sec",1
93053,Hayal Grill,ChIJPUJAxSoT5kcR-kxGd9pxO1o,"Restaurant Turc, Gril, Restaurant De Restauration Rapide","7 Bd De La R√©publique, Noisy-le-Sec",1
93053,Z‚Äôpoulet,ChIJNesFCoET5kcR2R8qFwpVhWU,Restaurant Halal,"6 Bd De La R√©publique, Noisy-le-Sec",1
93053,Brasserie Des Voyageurs,ChIJG_YNiCoT5kcRexz6Nvy7Sfk,"Brasserie, Bar","2 Bd De La R√©publique, Noisy-le-Sec",0
93053,L'avenir,ChIJJZ1rNyZt5kcRDVjGirobLb8,Restaurant Fran√ßais,"80 Rue Paul Vaillant Couturier, Noisy-le-Sec",0
93053,Ici Et Nul Bar Ailleurs,ChIJVVWFYilt5kcRU-UO3Sb98-c,"Restaurant, Bar, Caf√©, Club, Cr√™perie, Cybercaf√©, Pub, Bar Karaok√©","20 Rue Jean Jaur√®s, Noisy-le-Sec",0
93053,Mcdonald's,ChIJJZ1rNyZt5kcRcM2jcZWTHmo,"Restaurant De Restauration Rapide, Restaurant Am√©ricain, Restaurant De Hamburgers, Restaurant De Pizzas, Restaurant, Sandwicherie","Rue Paul Vaillant Couturier Angle Chemin D√©partemental 40 Et, Noisy-le-Sec",0
93053,Le Petit Diner,ChIJiWBc4G9t5kcRW3kDEv51VMc,"Restaurant De Restauration Rapide, Cr√™perie, Sandwicherie","41 Bd Michelet, Noisy-le-Sec",0
93053,Cantine Corner Noisy Le Sec,ChIJY6oyTQBt5kcRK08px2gg-ZA,"Restaurant, Bar, Restaurant De Desserts, Restaurant De Pizzas, Brasserie, Restaurant Tha√Ølandais","69 Rue Paul Vaillant Couturier, Noisy-le-Sec",NA
93053,Hua Yang,ChIJqWnw79US5kcRnJ3c1RES8so,"Restaurant Chinois, Restaurant Tha√Ølandais, Restaurant Vietnamien","70 Bd De La R√©publique, Noisy-le-Sec",NA
93053,La Grande Muraille,ChIJdS5AZipt5kcR34vPftG66-c,Restaurant Chinois,"74 Rue Jean Jaur√®s, Noisy-le-Sec",NA
93053,Sakanaya,ChIJs3MAICpt5kcRXV3zfCRSP7E,Restaurant Japonais,"67 Rue Saint-Denis, Noisy-le-Sec",NA
93053,Kessari Inde,ChIJhT9ukioT5kcRpGUv8pfKjsA,Restaurant Indien,"21 Bd De La R√©publique, Noisy-le-Sec",NA
93055,Asian Home Paris,ChIJAV70Kqxt5kcRnhPY0L6yaf0,"Restaurant Asiatique, Restaurant Brunch, Traiteur, Restaurant Halal, Restaurant De Livraison, Restaurant √Ä Emporter, Restaurant, Restaurant De Sushis, Restaurant Tha√Ølandais, Restaurant Traditionnel","11 Rue Andr√© Joineau, Le Pr√©-Saint-Gervais",1
93055,Olabar,ChIJVVXFRalt5kcRy8DW5Rae9Gs,"Restaurant Libanais, Restaurant De Livraison","54 Rue Jules Auffret 54, Pantin",1
93055,Lezz-Et,ChIJsWGTjCJt5kcRXkzolrEEd_0,"Restaurant Barbecue, Restaurant Turc","149 Av. Jean Lolive, Pantin",1
93055,Restaurant Divan,ChIJ937c-a9t5kcRtCv5NiEdxWs,"Restaurant Turc, Restaurant Halal","8 Av. Edouard Vaillant, Pantin",1
93055,Le Courtois,ChIJj1Ey7ABt5kcRVs7kNrOq0nI,"Restaurant, Bar, Restaurant Fran√ßais, Restaurant Halal, Restaurant Du Moyen-Orient","19 Rue Courtois, Pantin",1
93055,Chez Agnes - Restaurant Au Bord De L'eau,ChIJD6l0qqxt5kcRxLmLuyy_bsM,"Restaurant, Bar, Restaurant Fran√ßais, Restaurant De Pizzas, Brasserie","21 Rue Delizy, Pantin",0
93055,Ch√©ri Coco,ChIJx5uMoLNt5kcRs3S9_Mx4IgE,"Restaurant V√©g√©talien, Restaurant Brunch, Restaurant Familial, Restaurant Du D√©jeuner, Restaurant V√©g√©tarien","12 All. Des Ateliers, Pantin",0
93055,Le Bief,ChIJ7_TMDNlt5kcR-6enKMUdc0o,"Restaurant, Bar, Bistro, Brasserie, Restaurant Fran√ßais, Pub","5 Pl. C√©cile Brunschvicg, Pantin",0
93055,Les Pantins,ChIJE4vA0rJt5kcRrHdOXNG9L0k,"Restaurant, Traiteur, Restaurant Fran√ßais, Magasin De Vin","6 Rue Victor Hugo, Pantin",0
93055,Les Ateliers De Pantin,ChIJ553Y13tt5kcRIMSTUFGADOQ,Bistro,"16 All. Des Ateliers, Pantin",0
93055,Le Restaurant De Paris,ChIJHZYBUdht5kcRWVXxA8iVcfI,Restaurant Chinois,"3 Rue De Paris, Bobigny",NA
93055,Gangnam,ChIJL8jCJYxt5kcR4zIzDqhl6fk,Restaurant Cor√©en,"140 Av. Jean Lolive, Pantin",NA
93055,L‚Äô Asiatique,ChIJlYxfuD5t5kcRbMLP3FMWgUc,Restaurant Asiatique,"18 Av. Edouard Vaillant, Pantin",NA
93055,Lakshmi,ChIJG9h34rFt5kcRLFHZC12-esA,Restaurant Indien,"37 Rue Du Pr√© Saint-Gervais, Pantin",NA
93055,Restaurant L4f,ChIJI1DoPUxt5kcRdGdetenrXUE,"Restaurant Indien, Gril, Poulet Frit √Ä Emporter, Sandwicherie","24 Rue Du Pr√© Saint-Gervais, Pantin",NA
93057,Le Carr√©,ChIJVVWpyaMT5kcRWLKWmu83ug8,"Restaurant, Restaurant Fran√ßais, Restaurant Halal, Restaurant Haut De Gamme Fran√ßais","15 Av. Victor Hugo, Les Pavillons-sous-Bois",1
93057,Restaurant A La Baraka,ChIJt8RVVQAT5kcRhefOOnexacA,Restaurant Halal,"80 Av. Aristide Briand, Les Pavillons-sous-Bois",1
93057,Papageno Restaurant,ChIJvYguj9sT5kcRwJjbTHtW7xQ,"Restaurant Italien, Restaurant Halal","24 Av. Georges Pompidou, Les Pavillons-sous-Bois",1
93057,Les D√©lices Du Kashmir,ChIJHbJNT3YT5kcR-aGPO-edS9I,"Restaurant Indien Moderne, Restaurant Halal","14 Av. Victor Hugo, Les Pavillons-sous-Bois",1
93057,Le Special Restaurant,ChIJ8XUVBKET5kcR364qbnLBGZE,"Restaurant De Restauration Rapide, Restaurant Halal","1 Av. Aristide Briand, Les Pavillons-sous-Bois",1
93057,Brasserie De L'h√¥tel De Ville,ChIJcVxbdqgT5kcR8wKTTC2UcUw,"Brasserie, Bar, Bar Et Grill","146 Av. Jean Jaur√®s, Les Pavillons-sous-Bois",0
93057,Sista Place,ChIJY9-xUAoT5kcRehO9wDabMN4,Restaurant Brunch,"50b Av. Aristide Briand, Les Pavillons-sous-Bois",0
93057,Burger Bar,ChIJXyKWCQAT5kcRNs_U-6WDDhA,Restaurant Am√©ricain,"71 Bd Pasteur, Les Pavillons-sous-Bois",0
93057,Street Burger,ChIJ4fyZfagT5kcRQm-hs04OBDc,"Restaurant, Restaurant Am√©ricain, Restaurant De Hamburgers, Magasin","195 Av. Jean Jaur√®s, Les Pavillons-sous-Bois",0
93057,D√©lices Cr√™pes,ChIJjaTcoKMT5kcRmNRj0QShYdw,"Restaurant De Pizzas, Cr√™perie, Restaurant Italien","29 Av. Victor Hugo, Les Pavillons-sous-Bois",0
93057,Kim Sushi,ChIJucg2cqMT5kcR8z_qAU2GM9E,"Restaurant Japonais, Restaurant","48 Av. Victor Hugo, Les Pavillons-sous-Bois",NA
93057,Paille D Or,ChIJZ4mjS6MT5kcRg-VXQIpu0K8,Restaurant Chinois,"3 Bd Chanzy, Les Pavillons-sous-Bois",NA
93057,Kyotoma,ChIJoQ7Bz6MT5kcRInEKXExL7SY,"Restaurant Japonais, Restaurant De Sushis","16 Av. Victor Hugo, Les Pavillons-sous-Bois",NA
93057,Saveur D'asie,ChIJJRTMFKMT5kcRuizpsiYZ3Zw,"Restaurant Asiatique, Restaurant Chinois, Restaurant Japonais, Restaurant De Sushis","45 Av. Victor Hugo, Les Pavillons-sous-Bois",NA
93057,Madras Cafe,ChIJByoVZXcT5kcR3dlZXITxn1o,Restaurant Indien,"15 Bd Chanzy, Les Pavillons-sous-Bois",NA
93059,Le Rawal,ChIJl1SC-WNp5kcRt5dar1hp_3k,"Restaurant Indien, Gril, Restaurant Halal, Restaurant Pakistanais","8 Av. Laennec, Pierrefitte-sur-Seine",1
93059,Ferme,ChIJy1NQRZpp5kcR6jRobLVRmeI,"Restaurant Barbecue, Restaurant Africain, Restaurant Halal","62 Av. Emile Zola, Pierrefitte-sur-Seine",1
93059,Kerwan Gril Pierrefitte,ChIJrazXA8Jp5kcRyv4R8de2nWM,Restaurant Turc,"119 Bd Charles De Gaulle, Pierrefitte-sur-Seine",1
93059,Sah Tha√Ø,ChIJnYXquZxp5kcRRKjct3iZ8VQ,"Restaurant Tha√Ølandais, Restaurant Halal, Pok√© Bar, Magasin De Salades","28 Av. L√©nine, Pierrefitte-sur-Seine",1
93059,Zam Zam Restaurant Indian(Certifiee Achahada),ChIJ0bDfdo9p5kcRFZ053NwDxwQ,"Restaurant Indien, D√Æner, Restaurant De Restauration Rapide, Restaurant Halal, Sandwicherie, Restaurant V√©g√©tarien","64 Rue De Paris, Pierrefitte-sur-Seine",1
93059,Tu Manges Tu Pleures ( Feux De Bois üî•ü™µüß® ),ChIJhdjfc91p5kcRhihnXMivWHs,Restaurant Barbecue,"62 Av. Emile Zola, Pierrefitte-sur-Seine",0
93059,Restaurant Cafe Star Bar-Brasserie,ChIJ6yiIAGpp5kcR3StdeaAL2M8,"Brasserie, Bar","100 Av. L√©nine, Pierrefitte-sur-Seine",0
93059,L' Atelier Restaurant,ChIJO7NS-V1p5kcREk7k757VgBk,"Restaurant, Restaurant Fran√ßais","Rue Du Bois Moussay, Stains",0
93059,Mcdonald's,ChIJ5xODMJpp5kcRgfkmvx400qg,"Restaurant De Restauration Rapide, Restaurant Am√©ricain, Restaurant De Hamburgers, Restaurant De Pizzas, Restaurant, Sandwicherie","De Pierrefitte, Barrage De Pierrefitte, Sarcelles",0
93059,Brasserie Du 42,ChIJ0dbGhVBp5kcRSRI0i6537G4,"Brasserie, Bar, Restaurant De Restauration Rapide","42 Av. De Stalingrad, Saint-Denis",0
93059,Drima Grill,ChIJT3izNVRp5kcR4v3MMHmGOjc,"Restaurant De Restauration Rapide, Bar Et Grill, Restaurant Chinois, Restaurant De Desserts, Restaurant De Hamburgers, Restaurant Italien, Restaurant De Pizzas, Magasin De Salades, Sandwicherie, Restaurant Tha√Ølandais","106 Bd Jean Mermoz, Pierrefitte-sur-Seine",NA
93059,Bolkiri Pierrefitte Street Food Vi√™t,ChIJE0qBNHBp5kcRqxUM5llWdPM,"Restaurant Vietnamien, Restaurant Asiatique, Restaurant Chinois, Restaurant De Restauration Rapide, Restaurant De Livraison, Restaurant √Ä Emporter, Restaurant Pho, Restaurant, Restaurant Tha√Ølandais, Restaurant De Wok","1 Bd Charles De Gaulle, Pierrefitte-sur-Seine",NA
93059,Sakura,ChIJ-Z5P_UNp5kcRU0eizNUOhYE,"Restaurant, Restaurant Japonais, Restaurant De Sushis","2 Rue Pierre Curie, Pierrefitte-sur-Seine",NA
93059,Sushi Wan Sarcelles,ChIJuRJoExpp5kcRCVZB9pAGOC4,"Restaurant De Sushis, Restaurant Japonais","4 Bis Av. Du 8 Mai 1945, Sarcelles",NA
93059,Plancha Grill,ChIJ_yiq7oJp5kcROIgysiEV8ck,"Restaurant Asiatique, Restaurant Chinois, Restaurant De Sushis","48 Av. Du 8 Mai 1945, Sarcelles",NA
93061,Asian Home Paris,ChIJAV70Kqxt5kcRnhPY0L6yaf0,"Restaurant Asiatique, Restaurant Brunch, Traiteur, Restaurant Halal, Restaurant De Livraison, Restaurant √Ä Emporter, Restaurant, Restaurant De Sushis, Restaurant Tha√Ølandais, Restaurant Traditionnel","11 Rue Andr√© Joineau, Le Pr√©-Saint-Gervais",1
93061,Au Royal Couscous,ChIJu8nj-a9t5kcRK4CC4ctDa3Y,"Restaurant De Couscous, Restaurant Marocain, Restaurant","39 Rue Andr√© Joineau, Le Pr√©-Saint-Gervais",1
93061,Restaurant Efe,ChIJORL3RqVt5kcRzkNGb7U4Dk0,"Restaurant, Restaurant De Kebab Doner","6 Rue Danton, Le Pr√©-Saint-Gervais",1
93061,Restaurant Istanbul Chez Mehmet,ChIJLQ5pm0xt5kcRy3OnhWwAX_g,Restaurant Turc,"71 Rue Andr√© Joineau, Le Pr√©-Saint-Gervais",1
93061,Milano Pizza Chicken Corner Halal,ChIJkw8ZPeRt5kcRrByL7KF71Bw,Restaurant De Pizzas,"6 Rue Danton, Le Pr√©-Saint-Gervais",1
93061,Le Caf√© Du Coin,ChIJVdV5PwBt5kcRpZufjs-trRY,Restaurant Fran√ßais,"31 Rue Danton, Le Pr√©-Saint-Gervais",0
93061,Le Pr√© En Bulles,ChIJy1lChrBt5kcRRhDftbQ99ew,"Restaurant Traditionnel, Bistro, Restaurant Fran√ßais","34 Rue D'estienne D'orves, Le Pr√©-Saint-Gervais",0
93061,Bistro Villa Saint Gervais,ChIJX8kA1qRt5kcRQua5XgSzdOQ,Bistro,"11 Pl. Du G√©n√©ral Leclerc, Le Pr√©-Saint-Gervais",0
93061,Le Pouilly-Reuilly,ChIJ60JOUKVt5kcRdz8ahbdFJ3s,"Restaurant Fran√ßais, Bar, Bistro","68 Rue Andr√© Joineau, Le Pr√©-Saint-Gervais",0
93061,Legato,ChIJQ8yEVrFt5kcRe2CQn3Ds_Hc,"Restaurant, Restaurant Fran√ßais","22 Av. Jean Lolive, Pantin",0
93061,Fujiyama,ChIJFf5RjK9t5kcRcOCnJu_dZe0,"Restaurant Japonais, Restaurant Asiatique, Restaurant, Restaurant De Sushis","11 Rue Gabriel P√©ri, Le Pr√©-Saint-Gervais",NA
93061,Lakshmi,ChIJG9h34rFt5kcRLFHZC12-esA,Restaurant Indien,"37 Rue Du Pr√© Saint-Gervais, Pantin",NA
93061,Restaurant L4f,ChIJI1DoPUxt5kcRdGdetenrXUE,"Restaurant Indien, Gril, Poulet Frit √Ä Emporter, Sandwicherie","24 Rue Du Pr√© Saint-Gervais, Pantin",NA
93061,Sushi Daily Pre Saint Gervais,ChIJdTIsTqFt5kcRNBm0Riz926k,"Sushis √Ä Emporter, Kiosque","5 Av. Faidherbe, Le Pr√©-Saint-Gervais",NA
93061,Nagano,ChIJS-LnxKBt5kcR2_52D0gIXTo,"Restaurant Japonais, Bar, Restaurant De Sushis","5/16 Av. Faidherbe, Le Pr√©-Saint-Gervais",NA
93062,La Cabane Libanaise,ChIJAQDc4KwT5kcRcONynVvCops,"Restaurant Libanais, Traiteur","55 Av. De La R√©sistance, Le Raincy",1
93062,Well Done (Smash Burger),ChIJxYAjjbIT5kcRNVK-mMjEaT8,"Restaurant De Hamburgers, Restaurant Am√©ricain, Restaurant Halal, Restaurant De Hot-Dogs","9 Av. Thiers, Le Raincy",1
93062,L'excellent,ChIJx7bsmPcT5kcR3cKRp6Tko0c,Restaurant Halal,"4 All. Victor Hugo, Le Raincy",1
93062,"Le Corot (Tacos, Sandwichs, Pizzas, Burger)",ChIJY7RzWlYT5kcRyzt0Zl5uNt4,Restaurant Halal,"95 Bd De L'ouest, Le Raincy",1
93062,9 Street,ChIJ4TcDQZgT5kcRWcY3OKhuXc4,"Restaurant, Restaurant Am√©ricain, Restaurant Barbecue, P√¢tisserie, Restaurant De Restauration Rapide, Restaurant Halal, Restaurant De Hamburgers, Restaurant Du D√©jeuner, Sandwicherie","9 Av. Thiers, Le Raincy",1
93062,Le Bl√© C≈ìur,ChIJt-zRjrUT5kcRDSaehFz1PPs,"Restaurant Traditionnel, Restaurant Fran√ßais, Restaurant","82 All. De Montfermeil, Le Raincy",0
93062,Au Bureau,ChIJZXApVHQT5kcRQPh7hrg0dvQ,"Restaurant, Bar, Restaurant Europ√©en, Restaurant Fran√ßais, Restaurant De Hamburgers, Restaurant Irlandais, Pub, Bar Sportif","5 Rdpt Thiers, Le Raincy",0
93062,L'insolite,ChIJATIoBlAT5kcRO9eIk1vq3CY,"Restaurant, Magasin De Bi√®re, Restaurant Brunch, Bar √Ä Cocktails, Restaurant Fran√ßais, Restaurant Sans Gluten, Restaurant Du D√©jeuner, Restaurant V√©g√©tarien, Bar √Ä Vin","68 Av. Thiers, Le Raincy",0
93062,La Maison - Bistrot,ChIJE8B43a0T5kcRcFpc4PxAaBA,"Restaurant, Bistro, Caf√©, Bar √Ä Cocktails, Restaurant Fran√ßais, Salon De Th√©","Le, Le Raincy",0
93062,Le 40,ChIJWQp6Of8T5kcR7YGJLMt2ynE,"Restaurant, Restaurant Fran√ßais","40 Av. De La R√©sistance, Le Raincy",0
93062,Le Chalet,ChIJTxz3NLAT5kcR8IprDHRgIIU,"Chalet, Restaurant Am√©ricain, Restaurant Japonais","13 Av. De Livry, Le Raincy",NA
93062,Ichiban,ChIJNxnSvq0T5kcRE58DtBgJq5w,Restaurant Japonais,"96 Av. De La R√©sistance, Le Raincy",NA
93062,Sushi Food,ChIJFQRi-4ET5kcRbmoltNX3qVs,Restaurant Japonais,"130 Av. De La R√©sistance, Le Raincy",NA
93062,Kim San,ChIJBfy8ulMS5kcRcKH-lfioPO8,"Restaurant Asiatique, Restaurant Chinois, Restaurant Japonais, Restaurant De Livraison, Restaurant √Ä Emporter, Restaurant, Restaurant Tha√Ølandais, Restaurant Vietnamien","11 All. Cl√©mencet, Le Raincy",NA
93062,Sakura Sushi.,ChIJ2VfUd1MS5kcRk9NnitxJN2k,"Restaurant Japonais, Bar, Restaurant De Sushis","5 Pl. Du G√©n√©ral De Gaulle, Le Raincy",NA
93063,Chez Br,ChIJOyr58fBt5kcR9nYw0dIG08g,Restaurant Halal,"83 Bd Henri Barbusse, Romainville",1
93063,La Gusta¬Æ - Restaurant Italien,ChIJWfBNqSVt5kcRctjje-aL-Zg,"Restaurant Italien, Restaurant Familial, Restaurant De Restauration Rapide, Restaurant Fran√ßais, Restaurant Halal, Livraison De Pizzas, Restaurant De Pizzas, Restaurant Tunisien","41 Rue Flor√©al, Les Lilas",1
93063,Sushi Bou.,ChIJFz2ftDdt5kcRigjNR9WCrSg,"Restaurant Japonais, Restaurant Halal, Restaurant De Sushis, Restaurant Tha√Ølandais","138 Rue Saint-Denis, Montreuil",1
93063,Le Special Restaurant,ChIJuVfoujdt5kcR0W8tj0xrytc,"Restaurant De Restauration Rapide, Restaurant Halal, Restaurant De Pizzas","136 Rue Saint-Denis, Montreuil",1
93063,Afrik‚Äôn‚Äôfusion Noisy-Le-Sec,ChIJL0u3wTxt5kcR3Ptp_HXrb0Y,"Restaurant Africain, Restaurant Halal","77 Bis Rue Paul Vaillant Couturier, Noisy-le-Sec",1
93063,Le Train De Vie,ChIJ0f51yBdt5kcRO7JZUxAHWTo,"Restaurant Familial, Bistro, Restaurant Traditionnel","95 Av. Du Dr David Rosenfeld, Romainville",0
93063,Chez Betty,ChIJYT1KxxFt5kcRTlO6Jf7Sfnw,"Restaurant, Restaurant Fran√ßais","67 Bd Du G√©n√©ral Leclerc De Hauteclocque, Les Lilas",0
93063,L'avenir,ChIJJZ1rNyZt5kcRDVjGirobLb8,Restaurant Fran√ßais,"80 Rue Paul Vaillant Couturier, Noisy-le-Sec",0
93063,Mcdonald's,ChIJJZ1rNyZt5kcRcM2jcZWTHmo,"Restaurant De Restauration Rapide, Restaurant Am√©ricain, Restaurant De Hamburgers, Restaurant De Pizzas, Restaurant, Sandwicherie","Rue Paul Vaillant Couturier Angle Chemin D√©partemental 40 Et, Noisy-le-Sec",0
93063,O¬¥Studio Caf√©,ChIJ8wFCH_Jt5kcRwwK1zipwxgw,"Restaurant, Restaurant Fran√ßais","160 Av. Gaston Roussel, Romainville",0
93063,Kim Yang 2,ChIJmRIG3RFt5kcRkZ6c2fOYD8E,Restaurant Asiatique,"55 Bd Du G√©n√©ral Leclerc De Hauteclocque, Les Lilas",NA
93063,Saveur Famille,ChIJSUjSpzpt5kcRagdc0nlPcZ8,"Restaurant Japonais, Restaurant Asiatique, Restaurant Mandarin","France, Montreuil",NA
93063,Cantine Corner Noisy Le Sec,ChIJY6oyTQBt5kcRK08px2gg-ZA,"Restaurant, Bar, Restaurant De Desserts, Restaurant De Pizzas, Brasserie, Restaurant Tha√Ølandais","69 Rue Paul Vaillant Couturier, Noisy-le-Sec",NA
93063,Ph√©nix D'asie - La Grande Po√™le,ChIJQc8b0NBt5kcRWCUyasjLO-0,Restaurant Panasiatique,"186 Rue De Paris, Les Lilas",NA
93063,Time Off,ChIJZW0lKQxt5kcRNJiQzRvwfxk,"Restaurant Asiatique, Restaurant Chinois, Restaurant Tha√Ølandais","95 Rue Romain Rolland, Les Lilas",NA
93064,Big House,ChIJ3X3Afh4T5kcRyZwcpht3TFI,"Restaurant, Restaurant Halal, Restaurant De Hamburgers, Restaurant De Pizzas, Pizza √Ä Emporter, Brasserie, Restaurant De Tacos","37 Rue Philibert Hoffmann, Rosny-sous-Bois",1
93064,Rban Food Halal,ChIJPY_CLuQT5kcRSD_3AO5su_c,Restaurant,"26 Rue Du G√©n√©ral Leclerc, Rosny-sous-Bois",1
93064,Grill Istanbul,ChIJob-21cMS5kcRr5_ZzHV6TU0,"Restaurant Turc, Restaurant De Restauration Rapide","15 All. Gabriel Zirnhelt, Rosny-sous-Bois",1
93064,L' Anatolie,ChIJI6N0f5MS5kcRJ1idckKMe9A,Kebab,"1bis Av. Jean-Jaur√®s, Rosny-sous-Bois",1
93064,Hal'rezo,ChIJ-xyqzeoS5kcRVIEWXSdKulI,Restaurant Halal,"12 Pl. Carnot, Rosny-sous-Bois",1
93064,Courtepaille,ChIJiRqLLcES5kcRYSha0XRPjm0,"Restaurant De Steakhouse Fran√ßais, Gril, Bar Et Grill, Restaurant Familial, Restaurant Fran√ßais, Restaurant De Plats De Viande, Restaurant","1 Rue Jules Ferry, Rosny-sous-Bois",0
93064,La Cri√©e Rosny Sous Bois,ChIJW9B4ZcAS5kcRmUmiaiKdtpo,"Restaurant, Service De Livraison, Restaurant De Poisson-Frites, Restaurant De Poissons, Restaurant De Fruits De Mer","29 Rue Jules Ferry, Rosny-sous-Bois",0
93064,Au Bureau,ChIJ7-5upnQT5kcRlVaREs4M4G8,"Restaurant, Bar, Restaurant Europ√©en, Restaurant Fran√ßais, Restaurant De Hamburgers, Restaurant Irlandais, Pub, Bar Sportif","1 Rue De Lisbonne, Rosny-sous-Bois",0
93064,Wine Not,ChIJGTgJpFET5kcRTCFIlzw-lAo,Bistro,"Av. Du G√©n√©ral De Gaulle 14, Rosny-sous-Bois",0
93064,L√©on - Rosny,ChIJ8UWW48AS5kcRIG6E9kKUe1M,"Restaurant, Restaurant Belge, Restaurant De Fruits De Mer","32 Rue Jules Ferry, Rosny-sous-Bois",0
93064,New Shalimar,ChIJwSueeMES5kcR8kU-9n_OOIw,"Restaurant Indien, Restaurant Pakistanais","Repas Sur Place- Vente √Ä Emporter - Livraison, Rosny-sous-Bois",NA
93064,Chidori Sushi,ChIJx35cj8ES5kcRzXgGQigp2Gc,Restaurant Japonais,"78 Av. Du G√©n√©ral De Gaulle, Rosny-sous-Bois",NA
93064,Royal Tokyo Rosny-Sous-Bois,ChIJ2dEZDiET5kcRvegM7n5wYZ4,Restaurant Japonais,"14 Rue Richard Gardebled, Rosny-sous-Bois",NA
93064,Sushi S'thai,ChIJIWXN2XYT5kcRBNhUbk8Zh6E,"Restaurant De Sushis, Sushis √Ä Emporter, Restaurant Tha√Ølandais","55 Av. Jean-Jaur√®s, Rosny-sous-Bois",NA
93064,"Clhoe "" Traiteur Asiatique """,ChIJDy9r0-oS5kcRMcWtHVo7j9o,Plats Chinois √Ä Emporter,"Fr, Rosny-sous-Bois",NA
93066,K'pital,ChIJsbMSxpVv5kcRZphuRvVIxEk,Restaurant Halal,"107 Rue Saint-Denis, Aubervilliers",1
93066,L‚Äôescale 93,ChIJycaqdAxv5kcR7kcn4gVXJaw,Restaurant Halal,"8 Rue M√©chin, L'√éle-Saint-Denis",1
93066,Chicken One,ChIJFW9Q37Zt5kcRexpv8ulSkkk,"Restaurant De Pizzas, Restaurant Turc","64 Rue De Saint-Denis, La Courneuve",1
93066,O' Poulet Grill√©,ChIJOTQWpLJp5kcREi1fmBzHElw,"Restaurant De Restauration Rapide, Restaurant Halal","215 Av. Elis√©e Reclus, Pierrefitte-sur-Seine",1
93066,Sahara Restaurant,ChIJTR8NzPBp5kcR957lrJrVcQE,"Restaurant, Restaurant Barbecue, Lieu De L'√©v√©nement, Restaurant De Restauration Rapide, Restaurant Fran√ßais, Restaurant Halal, Restaurant Indien, Restaurant De Pizzas, Lieu De Mariage","8 Rue Auguste Gillot, Saint-Denis",1
93066,Restaurant O'grand Breton,ChIJq6q6n7Nu5kcRfAcE0AZIEe8,"Restaurant, Restaurant Fran√ßais","18 Rue De La L√©gion D'honneur, Saint-Denis",0
93066,L'escargot,ChIJb4k6Gc1v5kcR4sdVwBS_EHQ,"Restaurant, Restaurant Fran√ßais","6 Rue Gabriel P√©ri, Saint-Denis",0
93066,Crep'way,ChIJwzJS10hp5kcRkLjvCtuG0pE,Cr√™perie,"1 Av. Roger Semat, Saint-Denis",0
93066,Au Rendez-Vous,ChIJdeWs-T9v5kcRgQndvrX1zSE,"Cr√™perie, Bistro, Restaurant Brunch, Caf√©, Restaurant Indien Moderne, Restaurant","11 All. Des 6 Chapelles, Saint-Denis",0
93066,Restaurant Balkan Grill,ChIJiTzo10xp5kcRgeR47qUOpKI,Bar Et Grill,"134 Rue Gabriel P√©ri, Saint-Denis",0
93066,Traiteur Chinois L'√©toile,ChIJI-yP96Zu5kcRMog3KGF6y3M,"Restaurant Chinois, Traiteur","105 Rue Saint-Denis, Aubervilliers",NA
93066,Bangkok Factory Saint-Denis,ChIJD4BnKExp5kcRNBVDWvLsJGE,Restaurant Tha√Ølandais,"4 Bd Jules Guesde, Saint-Denis",NA
93066,Osaka,ChIJ8zSKSk1p5kcRpJFLCWR5n6o,"Restaurant Japonais, Bar, Restaurant De Sushis","39 Rue Jean Jaur√®s, Saint-Denis",NA
93066,Hinata,ChIJo6RDm6Vu5kcR4mN6VziUQMs,"Restaurant Japonais, Restaurant, Restaurant De Sushis","1 Pl. Du Cornillon, Saint-Denis",NA
93066,New Mahrajah Grill,ChIJtZeLm6Vu5kcRNxWWfmgQFDA,"Restaurant Indien, Restaurant Pakistanais","16 Rue Jesse Owens, Saint-Denis",NA
93070,O'splendide,ChIJJwKO32Jv5kcRhn0eGtyZaWU,Restaurant Libanais,"81 Av. Michelet, Saint-Ouen-sur-Seine",1
93070,O'splendide Express,ChIJdePMX8Vv5kcRqH_Ot9j4tro,Restaurant Libanais,"77 Av. Michelet, Saint-Ouen-sur-Seine",1
93070,Restaurant L'oasis,ChIJV-UqEvxu5kcRsy-urVc_uaI,"Restaurant Marocain, Restaurant De Couscous, Restaurant Gastronomique, Restaurant √Ä Emporter, Restaurant","124 Av. Gabriel P√©ri, Saint-Ouen-sur-Seine",1
93070,Chez Miam,ChIJ7QCK5Q9v5kcRBIvDEEzjNBQ,"Restaurant De Hamburgers, Restaurant De Restauration Rapide, Friterie, Restaurant Halal, Restaurant","63 Av. Gabriel P√©ri, Saint-Ouen-sur-Seine",1
93070,O'papa Restaurant,ChIJp-S95eVu5kcRB5j_5xSbTa8,"Restaurant Halal, Restaurant Barbecue","26 Rue Du Dr Bauer, Saint-Ouen-sur-Seine",1
93070,Le Ripailleur,ChIJU6Nyc-Zu5kcRhuydqBYAc2Q,"Bistro, Bar, Restaurant, Restaurant Traditionnel","9 Rue Du Dr Bauer, Saint-Ouen-sur-Seine",0
93070,Le Relais Des Broc's,ChIJ-S93rvBu5kcRGo3vSNg0A3A,Restaurant Fran√ßais,"24 Rue Jules Vall√®s, Saint-Ouen-sur-Seine",0
93070,La P√©ricole,ChIJHXqbcvpu5kcRJMwwTBKmOjU,"Restaurant Fran√ßais, Bar, Restaurant M√©diterran√©en","16 Rue Du Plaisir, Saint-Ouen-sur-Seine",0
93070,La Puce,ChIJu2PngeRu5kcRADWR8S06it8,"Restaurant Fran√ßais, Bistro, Restaurant Fran√ßais Moderne, Restaurant, Brasserie","17 Rue Ernest Renan, Saint-Ouen-sur-Seine",0
93070,Le Coq D'or,ChIJ28b6ZPBu5kcRRVI0jdX5Td0,"Restaurant, Restaurant Fran√ßais","76 Rue Des Rosiers, Saint-Ouen-sur-Seine",0
93070,Okane,ChIJxbjElBRv5kcR5UIgnBCftek,Restaurant Japonais,"62 Bd Ornano, Saint-Denis",NA
93070,Le M√©kong,ChIJnR-Sdfxu5kcR_-U0ThMDlQo,"Restaurant Cambodgien, Restaurant Asiatique, Restaurant Chinois, Restaurant, Restaurant D'asie Du Sud-Est, Restaurant Tha√Ølandais","2 Rue Edouard Vaillant, Saint-Ouen-sur-Seine",NA
93070,Au Soleil Du Vietnam,ChIJUQ8wXu9u5kcReTDCq9FWf0Y,Restaurant Vietnamien,"49 Rue Du Dr Bauer, Saint-Ouen-sur-Seine",NA
93070,Saiko Ramen,ChIJS8JrxKZv5kcRHB3ZUwlag0Y,Restaurant Japonais,"165 Bd Victor Hugo, Saint-Ouen-sur-Seine",NA
93070,L'osmoze,ChIJXxLND9Bv5kcRXxSVOyLxABc,"Restaurant Asiatique, Restaurant De Restauration Rapide, Restaurant De Livraison, Restaurant √Ä Emporter, Restaurant, Service D'exp√©dition, Restaurant V√©g√©tarien","14 Av. Michelet, Saint-Ouen-sur-Seine",NA
93071,Restaurant √âdessa,ChIJ12jdWBIV5kcRTN504WIHhgo,"Restaurant Grec, Restaurant Familial, Restaurant Halal, Restaurant Turc","04 All. Mozart, Sevran",1
93071,Kilim,ChIJoQGkvgET5kcR_44F1_G_lZY,Restaurant Turc,"33 Av. De Livry, Sevran",1
93071,"Le Groov‚Äô / Eat , Vibe & Smoke",ChIJH-7OJXET5kcRVnvTjMW7VGY,"Restaurant, Restaurant Halal, Salon","76 Bis Av. De Livry, Sevran",1
93071,Iwok Asian Street Food,ChIJmbYfgQ8V5kcRDCKZndiUQ34,"Restaurant Tha√Ølandais, Magasin De Th√© Aux Perles, Restaurant Halal, Restaurant Japonais, Restaurant Mandarin, Restaurant, Restaurant De Wok","Rte Des Petits Ponts, Sevran",1
93071,Bangkok Factory Sevran,ChIJqUM3BUkT5kcRdrE_8LnwyQ0,"Restaurant Tha√Ølandais, Restaurant Halal","74 Av. De Livry, Sevran",1
93071,Le Cap De L'eau,ChIJnVOypWET5kcRRRojXZ6UvzI,"Restaurant, P√¢tisserie, Bar √Ä Cocktails, Magasin De Fruits Et L√©gumes, Restaurant Du D√©jeuner, Restaurant M√©diterran√©en, Restaurant De Fruits De Mer","2 Rue Dora Bruder, Sevran",0
93071,Le 28 10,ChIJIeqTzccT5kcRq7g6swmuUck,"Brasserie, Bar, Traiteur","2 Rue Ad√©la√Øde Dufrenoy, Sevran",0
93071,Au Jardin De Beau Sevran,ChIJEaZwPGUU5kcRhLrrdeNH4EM,"Restaurant Fran√ßais, Bar","Centre Cial Beaudottes, Sevran",0
93071,Waffle B,ChIJY2jmZSkV5kcRk4XXuhxvpX0,Cr√™perie,"48 Rue D'aulnay, Sevran",0
93071,Le Fournil De Rougemont.,ChIJl-pa-H4U5kcRXxcGU36BbEM,"Boulangerie, P√¢tisserie, Chocolaterie, Restaurant Fran√ßais, Glacier, P√¢tisserie, Sandwicherie","27 Av. Du Dr Schaffner, Sevran",0
93071,Kin Thai - Sevran,ChIJHR_8U2oV5kcRCQ-E_vSHEPU,Restaurant Tha√Ølandais,"95 Rue D'aulnay, Sevran",NA
93071,Royal Kyoto.,ChIJU14nY3QU5kcR0JAgEXSGv_E,"Restaurant Japonais, Restaurant De Sushis","1 Av. Du G√©n√©ral Leclerc, Sevran",NA
93071,Sushi 'N' Thai,ChIJzStwJXMU5kcRNsgWJGySN0Y,Restaurant Tha√Ølandais,"19 Rue Gabriel P√©ri, Sevran",NA
93071,Saigon Star (Sevran),ChIJkW-dPmkU5kcRVrC6CxgbaF0,Restaurant Vietnamien,"Route Des Petits Ponts, Sevran",NA
93071,Food Tha√Ø,ChIJoY1wcswV5kcR2sHd9ghNAYw,Restaurant Tha√Ølandais,"Av. Du March√©, Sevran",NA
93072,Chez Hanna (Stains) - Restaurant | Brunch & Pause Caf√©,ChIJMRKwwVtr5kcRGhSp0MssbTE,"Restaurant Brunch, Restaurant Halal","2 Av. Paul Vaillant Couturier, Stains",1
93072,Restaurant Sofra,ChIJsbhAAtxr5kcRFKbOpA04UHo,"Restaurant Halal, Restaurant","9 Av. Aristide Briand, Stains",1
93072,Cara√Øbes Food,ChIJAc4RA9xr5kcRN3m6_ivyvDo,"Restaurant, Restaurant Halal","5 Av. Aristide Briand, Stains",1
93072,Brothers Factory's - Stains,ChIJx_NBgHVr5kcRyh6e4q8lnBI,"Restaurant Halal, Restaurant De Hamburgers, Sandwicherie","17 Av. Aristide Briand, Stains",1
93072,La Broche,ChIJX-rmBQBr5kcRYYdSqOUue8Q,Restaurant Turc,"1 Rue Jean Jaur√®s, Stains",1
93072,L' Atelier Restaurant,ChIJO7NS-V1p5kcREk7k757VgBk,"Restaurant, Restaurant Fran√ßais","Rue Du Bois Moussay, Stains",0
93072,D√©lices Sucr√©-Sal√©,ChIJ0w-5veZr5kcRMNpjPSd_7V8,"Restaurant, Cr√™perie, Sandwicherie","10 Pl. Marcel Pointet, Stains",0
93072,Alcazar,ChIJVQ65veZr5kcR5hbR2_1S2zM,"Restaurant Gastronomique, Restaurant Fran√ßais","10 Pl. Marcel Pointet, Stains",0
93072,La Brasserie,ChIJD-CKKwBr5kcRvY8wxslumFo,Restaurant Barbecue,"83 Rue L√©on Brochet, Stains",0
93072,Mcdonald's,ChIJy2SM2bhr5kcRYu16mjW_hRI,"Restaurant De Restauration Rapide, Restaurant Am√©ricain, Restaurant De Hamburgers, Restaurant De Pizzas, Restaurant, Sandwicherie","47-51 Av. De Stalingrad, Garges-l√®s-Gonesse",0
93072,Wan Piece,ChIJUzfVcABr5kcRpVbqyZ1GH44,Restaurant Asiatique,"2 Av. De La Division Leclerc, Stains",NA
93072,Drima Grill,ChIJT3izNVRp5kcR4v3MMHmGOjc,"Restaurant De Restauration Rapide, Bar Et Grill, Restaurant Chinois, Restaurant De Desserts, Restaurant De Hamburgers, Restaurant Italien, Restaurant De Pizzas, Magasin De Salades, Sandwicherie, Restaurant Tha√Ølandais","106 Bd Jean Mermoz, Pierrefitte-sur-Seine",NA
93072,Aryana Restaurant,ChIJrSKLrw9r5kcROldLo8QYkX8,Restaurant Asiatique,"22 Pl. Salvador Allende, Sarcelles",NA
93072,Taj House,ChIJ564axNVr5kcRf9XPnbHGy7Y,Restaurant Indien,"Bd Salvador Allende, Sarcelles",NA
93072,Sushi Wan Sarcelles,ChIJuRJoExpp5kcRCVZB9pAGOC4,"Restaurant De Sushis, Restaurant Japonais","4 Bis Av. Du 8 Mai 1945, Sarcelles",NA
93073,Le Terrible,ChIJscfMsY4X5kcRm7yu-pUZT0o,"Restaurant, Restaurant De Restauration Rapide, Restaurant Fran√ßais, Restaurant Halal, Sandwicherie","130 Rte Des Petits Ponts, Tremblay-en-France",1
93073,Class Bouff,ChIJyUJqc5EW5kcRp82g5bks7mQ,"Restaurant Turc, Restaurant De Restauration Rapide","80 Av. Henri Barbusse, Tremblay-en-France",1
93073,Grill Istanbul,ChIJv29JHYUW5kcRw_s4mIb_lWg,"Restaurant Turc, Bar","72 Rte Des Petits Ponts, Tremblay-en-France",1
93073,Suvai Restaurant Indien Halal,ChIJeR9E8fsX5kcRef6GP138VWs,"Restaurant Indien, Restaurant Halal, Restaurant V√©g√©tarien","32 Av. Pasteur, Tremblay-en-France",1
93073,O D√©lice Pizzeria √Ä Tremblay En France,ChIJNfdos8cW5kcR74H7bQHV3k4,"Restaurant De Pizzas, Restaurant Halal, Restaurant De Livraison, Livraison De Pizzas, Pizza √Ä Emporter, Restaurant, Sandwicherie, Service D'exp√©dition","80 Av. Roger Salengro, Tremblay-en-France",1
93073,"Al Ristorante Trattoria, (Arena Grand Paris), (Italian Food)",ChIJvd5caJEW5kcR1AM14z1RiJ0,"Restaurant Italien, Bistro, Restaurant √Ä Emporter, Livraison De Pizzas, Restaurant De Pizzas, Pizza √Ä Emporter","90 Av. Henri Barbusse, Tremblay-en-France",0
93073,O Naan Galant,ChIJ_XOK-q0X5kcRqeLqOTk7BGM,"Restaurant, Magasin De Bi√®re, Fromagerie, Bar √Ä Cocktails, Restaurant D'aliments Sains, Restaurant Du D√©jeuner, Restaurant De Fruits De Mer, Bar √Ä Vin","22 Bis Av. Pasteur, Tremblay-en-France",0
93073,Enjoy Brasserie,ChIJ27x-60gX5kcR51RMG4wzucw,Restaurant Brunch,"32 Av. Nelson Mandela, Tremblay-en-France",0
93073,Mcdonald's,ChIJ2-9XVCMU5kcRkoziI4Pb14c,"Restaurant De Restauration Rapide, Restaurant Am√©ricain, Restaurant De Hamburgers, Restaurant De Pizzas, Restaurant, Sandwicherie","40 Av. Georges Clemenceau Cd, Villepinte",0
93073,Caf√© De La Gare,ChIJC7RaKqUW5kcRfx_8mjIpz7c,"Caf√©, Bar, Caf√©, Restaurant Fran√ßais, Brasserie","10 Pl. De La Gare, Villepinte",0
93073,La Maison Du Bonheur,ChIJBZLHiboW5kcRzf_YQEFF6pE,Restaurant Asiatique,"3 Av. Du General De Gaulle, Tremblay-en-France",NA
93073,Scroq Thai,ChIJk1_NLdqSC0ERN6riKSCyOsQ,"Restaurant Tha√Ølandais, Restaurant Asiatique","12 Rue De Picardie, Tremblay-en-France",NA
93073,Tha√Ø Shi,ChIJQVdurDkX5kcR_zAjWMRSjFE,Restaurant Japonais,"5 Pl. Henri Barbusse, Tremblay-en-France",NA
93073,Sushi Plaza,ChIJqZ8UZI4X5kcRAPVn6hd3J0U,"Restaurant De Sushis, Restaurant","24 Av. Du General De Gaulle, Vaujours",NA
93073,Time To Wings,ChIJwX4V3JQX5kcRM_Kf3XLGOgU,Restaurant Indien,"1 Av. Albert Sarraut, Tremblay-en-France",NA
93074,Saveurs D'urfa,ChIJQwQEIU8X5kcRvr7d8UCOLh0,"Restaurant Turc, Restaurant Halal","261 Rue De Meaux, Vaujours",1
93074,La V√©randa,ChIJwUO67RsX5kcRn0KtU07i-Os,Restaurant Halal,"245 Rue De Meaux, Vaujours",1
93074,Restaurant Grill Istanbul,ChIJ47HXwLUW5kcR-VsYYUg2YRo,Restaurant Turc,"179 Rue De Meaux, Vaujours",1
93074,La Criave,ChIJcRpOFaMX5kcRZz7IcjR4yTk,"Restaurant De Restauration Rapide, Restaurant Halal, Restaurant De Hamburgers, Restaurant De Livraison, Sandwicherie, Restaurant De Tacos","50 Av. Du General De Gaulle, Vaujours",1
93074,Mister Kebab,ChIJDVaVhh0X5kcRDpyrUarxFqU,Restaurant,"77 Rue De Meaux, Vaujours",1
93074,Bistro Phil,ChIJJSSNkQwU5kcRFxaHjWCIoaE,"Restaurant Fran√ßais, Restaurant","1-3 Place Des F√™tes, Vaujours",0
93074,O Naan Galant,ChIJ_XOK-q0X5kcRqeLqOTk7BGM,"Restaurant, Magasin De Bi√®re, Fromagerie, Bar √Ä Cocktails, Restaurant D'aliments Sains, Restaurant Du D√©jeuner, Restaurant De Fruits De Mer, Bar √Ä Vin","22 Bis Av. Pasteur, Tremblay-en-France",0
93074,Caf√© De La Gare,ChIJC7RaKqUW5kcRfx_8mjIpz7c,"Caf√©, Bar, Caf√©, Restaurant Fran√ßais, Brasserie","10 Pl. De La Gare, Villepinte",0
93074,Le Vaujours,ChIJYV4M_dEW5kcRNACrUYPygaY,"Brasserie, Brasserie, Restaurant Fran√ßais, Restaurant","307 Rue De Meaux, Vaujours",0
93074,Mcdonald's,ChIJWz9xv1UR5kcRMSbZttJEjEY,"Restaurant De Restauration Rapide, Restaurant Am√©ricain, Restaurant De Hamburgers, Restaurant De Pizzas, Restaurant, Sandwicherie","Rn Centre Commercial Cora, Centre Commercial Cora, Livry-Gargan",0
93074,La Maison Du Bonheur,ChIJBZLHiboW5kcRzf_YQEFF6pE,Restaurant Asiatique,"3 Av. Du General De Gaulle, Tremblay-en-France",NA
93074,Scroq Thai,ChIJk1_NLdqSC0ERN6riKSCyOsQ,"Restaurant Tha√Ølandais, Restaurant Asiatique","12 Rue De Picardie, Tremblay-en-France",NA
93074,Time To Wings,ChIJwX4V3JQX5kcRM_Kf3XLGOgU,Restaurant Indien,"1 Av. Albert Sarraut, Tremblay-en-France",NA
93074,Sushi Plaza,ChIJqZ8UZI4X5kcRAPVn6hd3J0U,"Restaurant De Sushis, Restaurant","24 Av. Du General De Gaulle, Vaujours",NA
93074,D√©lices D'asie,ChIJ6ezMfKQW5kcR8vYw6HEacMA,"Restaurant Chinois, Restaurant Asiatique, Traiteur","34 Av. De La Gare, Villepinte",NA
93077,La Cabane Libanaise,ChIJAQDc4KwT5kcRcONynVvCops,"Restaurant Libanais, Traiteur","55 Av. De La R√©sistance, Le Raincy",1
93077,L'excellent,ChIJx7bsmPcT5kcR3cKRp6Tko0c,Restaurant Halal,"4 All. Victor Hugo, Le Raincy",1
93077,Home'lette Raincy,ChIJV45-ElMS5kcRvTvoA72bgs8,"Restaurant De Restauration Rapide, Restaurant Brunch, Caf√©, Restaurant Halal, Salon De Th√©","8 Av. De La R√©sistance, Le Raincy",1
93077,Restaurant Sahra,ChIJv6DPTAAT5kcRUdlWcaNnTQ8,"Restaurant Turc, Kebab","90 Av. Du G√©n√©ral Gallieni, Villemomble",1
93077,Poulet Grill√©,ChIJcyJfeqgT5kcRUH29b2S4v-c,"Restaurant Halal, Restaurant","1 Rue Bernard Gante, Villemomble",1
93077,Le 40,ChIJWQp6Of8T5kcR7YGJLMt2ynE,"Restaurant, Restaurant Fran√ßais","40 Av. De La R√©sistance, Le Raincy",0
93077,Le Bear's Caf√©,ChIJsd_HzKwT5kcRg7mMCweZ3Bs,"Bistro, Bar, Magasin De Bi√®re, Restaurant Fran√ßais, H√¥tel, Bar √Ä Vin","33 Av. De La R√©sistance, Le Raincy",0
93077,Le Sarrasin,ChIJZffkeVAS5kcRvueuxI_SHx4,"Restaurant, Bar, Cr√™perie, Restaurant Fran√ßais, Restaurant √Ä Emporter","61 Grande Rue, Villemomble",0
93077,Broadway Coffee,ChIJzQgP7FMS5kcRgUniFi9fZ9E,"Restaurant De Hamburgers, Restaurant Am√©ricain, Restaurant De Restauration Rapide","4 Bd Carnot, Villemomble",0
93077,O 3 Signatures,ChIJ___bdVAS5kcR-MFCmc90M6Y,"Restaurant, Restaurant Am√©ricain, Restaurant De Restauration Rapide, Restaurant De Hamburgers","65 Grande Rue, Villemomble",0
93077,Kim San,ChIJBfy8ulMS5kcRcKH-lfioPO8,"Restaurant Asiatique, Restaurant Chinois, Restaurant Japonais, Restaurant De Livraison, Restaurant √Ä Emporter, Restaurant, Restaurant Tha√Ølandais, Restaurant Vietnamien","11 All. Cl√©mencet, Le Raincy",NA
93077,Sakura Sushi.,ChIJ2VfUd1MS5kcRk9NnitxJN2k,"Restaurant Japonais, Bar, Restaurant De Sushis","5 Pl. Du G√©n√©ral De Gaulle, Le Raincy",NA
93077,New Kedi,ChIJHf3K3KwT5kcRgwJWUlWLm-A,"Restaurant Asiatique, Restaurant Chinois, Restaurant De Restauration Rapide, Restaurant De Pizzas","57 Av. De La R√©sistance, Le Raincy",NA
93077,Takara,ChIJg8NZoVcS5kcRC_VoWIYsfRA,"Restaurant Japonais, Restaurant De Sushis","7 Av. De Rosny, Villemomble",NA
93077,Restaurant Kathmandu,ChIJAQCXnVAS5kcRa-nXyrB6MNk,"Restaurant Indien, Restaurant N√©palais","1 Rue Marc Vi√©ville, Villemomble",NA
93078,French Arizona | Restaurant Halal Paris | Raclette,ChIJ2zb1CpwW5kcRRG1S5JCjak8,"Restaurant Halal, Restaurant De Desserts, Restaurant Fran√ßais, P√¢tisserie, Restaurant De Raclette, Restaurant","56 Chem. Du Loup, Tremblay-en-France",1
93078,Cappadoce,ChIJbflwsz8U5kcRs4qtfU0IvoQ,"Restaurant, Restaurant De Kebab Doner, Restaurant De Restauration Rapide, Restaurant Halal, Restaurant De Hamburgers, Restaurant De Pizzas, Restaurant De Tacos, Restaurant Turc","2 Av. Jules Ferry, Villepinte",1
93078,French Cantine¬Æ - Villepinte 93 I Burger I Brasserie Halal I Restaurant I Brasserie I Hallal I Brunch,ChIJA1pC2D0V5kcRPRKNmscL7B4,"Restaurant Halal, Restaurant Am√©ricain, Restaurant Brunch, Traiteur, Restaurant De Restauration Rapide, Restaurant Fran√ßais, Restaurant De Hamburgers, Restaurant √Ä Emporter, Restaurant, Brasserie","8 Av. Jean Fourgeaud, Villepinte",1
93078,Restaurant Istanbul,ChIJJ0NMcaQW5kcRtA3lsUCoL98,Kebab,"2 Place Degeyter, Villepinte",1
93078,Galatasaray Abe - Altin Sofra,ChIJsZ5iYKQW5kcRG4QJUS4Psk0,"Kebab, Restaurant De Restauration Rapide","31 Av. De La Gare, Villepinte",1
93078,Caf√© De La Gare,ChIJC7RaKqUW5kcRfx_8mjIpz7c,"Caf√©, Bar, Caf√©, Restaurant Fran√ßais, Brasserie","10 Pl. De La Gare, Villepinte",0
93078,O'teranga Brais√©,ChIJ0XBifr4V5kcR4JJgP7IrLj4,"Restaurant Barbecue, Restaurant Africain","1 Av. Du Parc, Villepinte",0
93078,Mcdonald's,ChIJ2-9XVCMU5kcRkoziI4Pb14c,"Restaurant De Restauration Rapide, Restaurant Am√©ricain, Restaurant De Hamburgers, Restaurant De Pizzas, Restaurant, Sandwicherie","40 Av. Georges Clemenceau Cd, Villepinte",0
93078,Au Jardin De Beau Sevran,ChIJEaZwPGUU5kcRhLrrdeNH4EM,"Restaurant Fran√ßais, Bar","Centre Cial Beaudottes, Sevran",0
93078,Enjoy Brasserie,ChIJ27x-60gX5kcR51RMG4wzucw,Restaurant Brunch,"32 Av. Nelson Mandela, Tremblay-en-France",0
93078,Palais De Villepinte,ChIJoxiacKQW5kcRxpQR_hE4cgE,"Restaurant Asiatique, Restaurant Chinois, Restaurant Japonais, Restaurant, Restaurant De Sushis, Restaurant Tha√Ølandais","40 Av. De La Gare, Villepinte",NA
93078,Good Tha√Ø Family,ChIJA0tXp-kX5kcRSZ4Jjj0uAnc,Restaurant Tha√Ølandais,"7 Av. De La R√©publique, Villepinte",NA
93078,Or'grill √Ä Villepinte,ChIJOVVFfp0W5kcRucs45MlOa14,"Restaurant, Restaurant De Fusion Asiatique, Bar, Restaurant Barbecue, Restaurant Buffet, Restaurant Chinois, Restaurant Japonais, Restaurant Panasiatique, Restaurant","3 Av. Georges Clemenceau, Villepinte",NA
93078,O' Crousti D'asie.,ChIJoeAkZz4U5kcRQR8Hk-tzwRE,"Restaurant Asiatique, Restaurant Chinois, Restaurant Japonais, Restaurant De Sushis","154 Bd Robert Ballanger, Villepinte",NA
93078,Au Wok Palace,ChIJMWtNyTEU5kcRBoikSJFyPaY,"Restaurant, Restaurant Buffet, Restaurant Chinois","8 Rue Jacques Balmat, Villepinte",NA
93079,Big Chef,ChIJzTA68q9p5kcR6v7P2CzDfMg,"Restaurant Halal, Caf√©, Restaurant De Hamburgers, Restaurant Italien","40 Rte De Saint-Leu, Villetaneuse",1
93079,Pistache Grill Antep Sofrasi,ChIJR3Er3jpp5kcRe9MjYD7PJIE,"Restaurant Turc, Restaurant Halal","214 Av. Division Leclerc, Villetaneuse",1
93079,Street Food 93,ChIJH7e-Qpdp5kcRCRikXkoyctI,Restaurant Halal,"17 Rue Etienne Fajon, Villetaneuse",1
93079,Riyah P√¢tisserie Brunch & Traiteur,ChIJ93aCqr9p5kcRxBVeY5wO-CI,"P√¢tisserie, Restaurant Brunch, Traiteur, Restaurant Halal","40 Rte De Saint-Leu, Villetaneuse",1
93079,Kebab House,ChIJC7J6IDtp5kcRx01Pst-3MX0,"Restaurant √Ä Emporter, Restaurant De Restauration Rapide, Kebab","212 Av. Division Leclerc, Villetaneuse",1
93079,Afrik'n'fusion,ChIJDQKlaONp5kcRSt38m8aLjdc,"Restaurant Africain, Bar Et Grill","8 Rte De Saint-Leu, Villetaneuse",0
93079,Le Temps Perdu,ChIJdZxtmyRp5kcRycEyoz8b1pI,"Restaurant, Restaurant Fran√ßais","62 Rte De Saint-Leu, Villetaneuse",0
93079,O Family,ChIJJy8wvQtp5kcRgnwaCOmJh4Y,"Cr√™perie, Salon De Th√©","13 Bis Pl. De L'h√¥tel De Ville, Villetaneuse",0
93079,Restaurant Cafe Star Bar-Brasserie,ChIJ6yiIAGpp5kcR3StdeaAL2M8,"Brasserie, Bar","100 Av. L√©nine, Pierrefitte-sur-Seine",0
93079,Mcdonald's,ChIJ3U3LsyFp5kcRjdFDX-vnPjA,"Restaurant De Restauration Rapide, Restaurant Am√©ricain, Restaurant De Hamburgers, Restaurant De Pizzas, Restaurant, Sandwicherie","Gare Epinay-Villetaneuse, √âpinay-sur-Seine",0
93079,Sakura,ChIJ-Z5P_UNp5kcRU0eizNUOhYE,"Restaurant, Restaurant Japonais, Restaurant De Sushis","2 Rue Pierre Curie, Pierrefitte-sur-Seine",NA
93079,Bolkiri Pierrefitte Street Food Vi√™t,ChIJE0qBNHBp5kcRqxUM5llWdPM,"Restaurant Vietnamien, Restaurant Asiatique, Restaurant Chinois, Restaurant De Restauration Rapide, Restaurant De Livraison, Restaurant √Ä Emporter, Restaurant Pho, Restaurant, Restaurant Tha√Ølandais, Restaurant De Wok","1 Bd Charles De Gaulle, Pierrefitte-sur-Seine",NA
93079,Sushi Tokyo,ChIJkbTUBDJp5kcRto6w4mpnYsw,Restaurant Japonais,"26-28 Rte De Saint-Denis, Deuil-la-Barre",NA
93079,Drima Grill,ChIJT3izNVRp5kcR4v3MMHmGOjc,"Restaurant De Restauration Rapide, Bar Et Grill, Restaurant Chinois, Restaurant De Desserts, Restaurant De Hamburgers, Restaurant Italien, Restaurant De Pizzas, Magasin De Salades, Sandwicherie, Restaurant Tha√Ølandais","106 Bd Jean Mermoz, Pierrefitte-sur-Seine",NA
93079,Au Sushi & Wok,ChIJp-i48ktp5kcRGQcyNdwyTxE,"Restaurant De Fondue Chinoise, Restaurant De Sushis, Restaurant De Wok","Restaurant Au Sushi & Wok, Saint-Denis",NA
